num_processes,avg_burst,std_burst,min_burst,max_burst,burst_range,avg_arrival,std_arrival,avg_arrival_gap,std_arrival_gap,arrival_burst_corr,fcfs_waiting,fcfs_turnaround,fcfs_response,fcfs_score,sjf_waiting,sjf_turnaround,sjf_response,sjf_score,srtf_waiting,srtf_turnaround,srtf_response,srtf_score,rr_waiting,rr_turnaround,rr_response,rr_score,scenario,best_scheduler
8,245.375,100.38203809162559,86,371,285,29.624760801187858,16.712638283896272,6.296035741065046,5.2506810634773915,-0.11641327957020164,889.33,1134.71,889.33,0.5725717261767995,756.08,1001.46,756.08,0.38409926947394546,635.13,880.5,436.13,0.14492728828058168,1287.96,1533.33,12.58,0.7,mixed,SRTF
14,89.35714285714286,53.139304796785915,13,179,166,18.19065671831097,8.422715468327374,2.092801772978603,1.3981331891935669,-0.1000899331104801,588.65,678.01,588.65,0.71430926520866,410.58,499.94,410.58,0.285903618434347,367.6,456.95,315.67,0.15488792416053868,741.08,830.44,24.3,0.7,short_jobs,SRTF
13,327.2307692307692,165.85493352432712,50,500,450,16.048346083423937,10.887967538036794,3.079019888823271,2.9006343722816332,0.09808106751906187,1921.86,2249.09,1921.86,0.5789939024390244,1541.32,1868.55,1541.32,0.32552045792712997,1372.8,1700.03,1177.34,0.18239655018086276,2750.4,3077.63,22.63,0.7,long_jobs,SRTF
10,198.9,182.75694241259345,13,416,403,26.712879415180726,17.87818165201384,5.197080718340886,4.444031004502787,0.017041999885074204,826.23,1025.13,826.23,0.9878289473684212,408.03,606.93,408.03,0.14528301886792452,408.59,607.49,408.59,0.14641124871001035,833.63,1032.53,15.33,0.7,bimodal,SJF
9,217.22222222222223,109.0925957361197,69,377,308,155.17645455344064,79.91404882041702,26.845272410421305,9.502285758032448,-0.5312242613127617,898.24,1115.46,898.24,0.7022772640891742,647.57,864.79,647.57,0.33695962409113894,538.38,755.6,287.27,0.09257980920479364,1164.57,1381.79,14.57,0.7,staggered,SRTF
10,291.8,81.6017429007766,136,367,231,49.65223030543832,49.977002705122864,11.956873484413949,18.62771412979864,0.5886986278178431,1161.57,1453.37,1161.57,0.36816977124490136,1074.77,1366.57,1074.77,0.28834703322765304,1057.95,1349.75,1026.95,0.26476531146396787,2121.97,2413.77,15.37,0.7,bursty,SRTF
8,239.625,152.2966442740708,27,399,372,35.0,24.49489742783178,10.0,0.0,0.935342295023666,498.38,738.0,498.38,0.3,498.38,738.0,498.38,0.3,498.38,738.0,498.38,0.3,991.38,1231.0,10.62,0.7,arrival_ordered,FCFS
14,151.57142857142858,105.39574818873737,13,365,352,65.0,41.83300132670378,10.0,0.0,-0.96951588453911,1317.14,1468.71,1317.14,1.0,736.71,888.29,736.71,0.308463860574342,587.64,739.21,128.71,0.024443328051938013,1185.29,1336.86,23.29,0.5734818368745715,reverse_order,SRTF
13,192.92307692307693,141.02272957367637,17,400,383,21.953338473508758,14.539177455271389,3.6426989384725563,2.827490944122591,0.025138149247566587,1141.12,1334.04,1141.12,0.8322905506749518,644.28,837.2,644.28,0.16683581849532303,644.82,837.74,643.51,0.16720797145725422,1297.66,1490.58,21.81,0.7,mixed,SJF
11,108.18181818181819,52.001573402769615,13,161,148,14.769218545630407,9.033233917820647,2.6183562455826737,2.176803693896466,-0.20871488576558558,548.21,656.4,548.21,0.5963690369497863,408.21,516.4,408.21,0.26616926604103086,382.87,491.05,357.05,0.19177784906870973,773.4,881.58,18.3,0.7,short_jobs,SRTF
14,340.64285714285717,150.65580084971944,50,500,450,18.04273748965314,10.575501254754732,2.507692646863025,1.437860513637708,-0.03451977835200693,2210.98,2551.62,2210.98,0.546971674636479,1670.91,2011.55,1670.91,0.24229571275594367,1632.53,1973.17,1568.24,0.21182418064834754,3272.05,3612.69,24.19,0.7,long_jobs,SRTF
13,162.84615384615384,152.33069626848368,17,384,367,28.098914682492,17.740932129758743,4.581071875473262,3.7403718132744035,0.059898732047689675,922.35,1085.2,922.35,1.0,446.74,609.58,446.74,0.14633249280893723,443.52,606.36,435.59,0.1379123562580473,903.51,1066.35,21.43,0.6724518474153733,bimodal,SRTF
13,161.69230769230768,124.26006640334658,18,392,374,194.46347315919542,107.15386606551841,28.72774602625385,13.060172984416868,-0.051601883182048475,817.88,979.58,817.88,0.9121535609637847,410.73,572.42,410.73,0.16108945376283934,401.38,563.07,398.46,0.14274698494032367,877.65,1039.35,17.73,0.7,staggered,SRTF
9,189.33333333333334,131.5532211692287,44,366,322,56.36855007995189,44.163489837560164,13.221896984833839,17.60079384359805,0.5456470246371472,498.24,687.57,498.24,0.4456634792819997,454.46,643.79,454.46,0.345076893877034,411.41,600.74,361.3,0.21510053937878443,828.68,1018.01,14.35,0.7,bursty,SRTF
9,297.55555555555554,52.46453828804536,231,388,157,40.0,27.386127875258307,10.0,0.0,0.9491574844919236,1029.0,1326.56,1029.0,0.3,1029.0,1326.56,1029.0,0.3,1029.0,1326.56,1029.0,0.3,2053.44,2351.0,13.33,0.7,arrival_ordered,FCFS
14,176.57142857142858,136.18918644846406,13,380,367,65.0,41.83300132670378,10.0,0.0,-0.984693817949093,1603.64,1780.21,1603.64,1.0,765.21,941.79,765.21,0.24165847250545247,624.14,800.71,116.86,0.017762520960546712,1262.14,1438.71,23.29,0.4559469116896376,reverse_order,SRTF
13,180.84615384615384,89.7847854166155,26,297,271,21.340872773709506,15.964778395525808,3.5097770103011,3.7211853813301343,-0.18464793368356036,1101.61,1282.46,1101.61,0.6149967975112087,817.46,998.31,817.46,0.2760077317420164,757.35,938.2,671.74,0.18049761386276236,1522.38,1703.23,22.46,0.7,mixed,SRTF
10,109.9,51.1304432038509,38,180,142,11.975889587439138,9.513494569064944,3.1929671278425524,3.122190292794682,-0.37416325604239015,545.74,655.64,545.74,0.6824453705789593,406.34,516.24,406.34,0.32877423931752725,351.72,461.62,204.02,0.10661007357102432,706.84,816.74,15.64,0.7,short_jobs,SRTF
14,311.2142857142857,168.43724171217124,50,500,450,21.878624212999654,12.284700832542725,2.5595983181434625,1.9272531675302373,-0.3761695775830317,2228.86,2540.07,2228.86,0.7257248002188995,1501.5,1812.71,1501.5,0.26089019499518745,1382.48,1693.69,1179.91,0.15726305762819492,2774.14,3085.36,24.21,0.7,long_jobs,SRTF
12,185.75,175.4827756375381,10,419,409,32.20115344494108,14.185005991496062,4.137790674601506,2.944702102068825,0.2910905824096272,839.35,1025.1,839.35,0.8833920868822667,560.68,746.43,560.68,0.3546934202099951,458.72,644.47,446.13,0.15666342648845685,915.43,1101.18,16.35,0.7,bimodal,SRTF
8,255.375,114.83396399025109,17,357,340,105.89489014161063,59.54330344534079,23.085857236884614,12.94103940189578,-0.5483195798883497,966.03,1221.41,966.03,0.6417529641302717,691.03,946.41,691.03,0.26632072915404986,640.73,896.11,385.73,0.11742003146303095,1307.03,1562.41,12.53,0.7,staggered,SRTF
14,219.5,111.20857050536237,65,398,333,39.18512361936571,45.738019958354094,8.130765999826563,15.485425178604846,0.1040239088213798,1399.53,1619.03,1399.53,0.6060650189312149,1040.74,1260.24,1040.74,0.2755530301483459,964.17,1183.67,936.96,0.19908150798498997,1959.88,2179.38,24.45,0.7,bursty,SRTF
9,252.55555555555554,114.45426063619378,25,376,351,40.0,27.386127875258307,10.0,0.0,0.9563053729910984,703.78,956.33,703.78,0.3,703.78,956.33,703.78,0.3,703.78,956.33,703.78,0.3,1400.22,1652.78,12.0,0.7,arrival_ordered,FCFS
9,190.77777777777777,128.52507321314562,15,356,341,40.0,27.386127875258307,10.0,0.0,-0.9698693201454989,1026.56,1217.33,1026.56,1.0,584.89,775.67,584.89,0.3249227609917968,458.56,649.33,134.33,0.035826021732479306,921.0,1111.78,13.33,0.5699137323943662,reverse_order,SRTF
9,201.44444444444446,102.36468032372188,41,308,267,18.74406092535174,16.748395156683628,5.472423431815426,5.533972469484487,0.7576072682496512,569.16,770.61,569.16,0.3235849056603773,553.83,755.27,553.83,0.2957148262143598,550.7,752.14,550.7,0.29002557544757035,1098.72,1300.16,13.94,0.7,mixed,SRTF
12,71.83333333333333,51.267273511796326,5,162,157,19.438777491251084,7.428111061994221,2.304595833200306,1.9923954414803005,-0.17803885930535152,414.01,485.85,414.01,0.9084761657016205,245.18,317.01,245.18,0.24868171280468404,220.64,292.48,205.39,0.14118453105968332,443.1,514.93,19.93,0.7,short_jobs,SRTF
14,332.7857142857143,168.63943264182976,50,500,450,18.00905260075424,9.666258519254722,2.489506202342719,2.811972808744744,0.23751674971237394,1901.8,2234.58,1901.8,0.4738256883775493,1643.58,1976.37,1643.58,0.31392262759870787,1523.49,1856.28,1327.71,0.20827523766410141,3046.94,3379.72,24.15,0.7,long_jobs,SRTF
13,178.46153846153845,166.9638760254322,23,422,399,35.53534167762138,20.073373153806,4.3719351354278,5.5959696924992794,-0.023757372687526,1033.3,1211.77,1033.3,1.0,486.07,664.53,486.07,0.13769106044727425,487.0,665.46,487.0,0.13915651777869345,988.07,1166.53,21.84,0.6421381284070438,bimodal,SJF
12,182.75,109.92983299276945,40,344,304,189.23215115549354,114.36812483955923,29.55843886959644,10.47391763385833,0.3774825404866682,717.0,899.75,717.0,0.5470441060833513,546.33,729.08,546.33,0.26009765396896367,519.52,702.27,442.18,0.18174189939326132,1079.08,1261.83,19.83,0.7,staggered,SRTF
8,221.75,123.14306430211279,65,398,333,60.965683066975636,39.734594613375,13.847086577804944,19.010101519107526,-0.08630444175633611,725.12,946.87,725.12,0.6416300634455832,475.12,696.87,475.12,0.19479147670683294,475.41,697.16,475.41,0.1953098094674499,987.37,1209.12,12.25,0.7,bursty,SJF
14,223.42857142857142,121.8029393896389,24,393,369,65.0,41.83300132670378,10.0,0.0,0.9923011317136202,917.79,1141.21,917.79,0.3,917.79,1141.21,917.79,0.3,917.79,1141.21,917.79,0.3,1820.36,2043.79,20.71,0.7,arrival_ordered,FCFS
9,194.11111111111111,135.26866270911052,19,372,353,40.0,27.386127875258307,10.0,0.0,-0.9903536131243887,1062.56,1256.67,1062.56,1.0,588.22,782.33,588.22,0.32402420716464725,449.78,643.89,1.56,0.0,902.78,1096.89,13.33,0.5208057169287578,reverse_order,SRTF
15,181.53333333333333,120.70558435813189,15,343,328,30.700071248986937,13.916162175363983,3.100546313240288,3.0529371102004452,-0.29244941056098717,1432.89,1614.42,1432.89,0.9093758675108805,903.82,1085.36,903.82,0.3199236514805419,756.43,937.97,642.37,0.13138211266504085,1533.49,1715.02,26.42,0.7,mixed,SRTF
11,69.36363636363636,56.86523142883132,8,166,158,15.26598486643759,9.877324316404179,2.9541959158469107,2.809257316484564,-0.2843404372454379,374.38,443.74,374.38,1.0,194.92,264.28,194.92,0.21802896949327358,175.19,244.55,152.01,0.11251475465122815,351.92,421.28,18.56,0.6210703348561675,short_jobs,SRTF
13,309.84615384615387,189.92623399355435,50,500,450,18.207491574566333,14.130765747704714,3.23368409089923,3.6149531261955055,0.4371812025496532,1635.64,1945.49,1635.64,0.5551487433250861,1384.95,1694.8,1384.95,0.3623435489470178,1198.1,1507.95,1002.72,0.18230583276513976,2398.49,2708.34,22.34,0.7,long_jobs,SRTF
15,196.33333333333334,192.4075535592786,10,435,425,29.534658210094815,17.920139438097614,3.9673048710316547,3.664909915033762,0.0275041909820819,1321.4,1517.74,1321.4,1.0,622.14,818.47,622.14,0.14234329429644177,617.8,814.13,606.2,0.1343332329573093,1244.2,1440.54,26.27,0.6231954649795617,bimodal,SRTF
8,240.875,134.72452051713313,25,365,340,128.88563895977137,62.32383884443229,26.73261587802541,14.516260340219418,0.5593949064645312,562.78,803.65,562.78,0.3917889781224037,526.15,767.03,526.15,0.3211492329181248,496.49,737.36,485.86,0.25815775158658205,1002.03,1242.9,11.28,0.7,staggered,SRTF
8,181.375,131.32287092723578,24,380,356,55.50326946740977,38.70139464159352,15.073338506670012,20.352250184979766,0.19012919352997593,561.36,742.73,561.36,0.8138731473147869,395.23,576.61,395.23,0.3716939755541011,318.75,500.12,282.0,0.1481409001956947,649.23,830.61,9.48,0.7,bursty,SRTF
10,216.7,119.65974910367962,70,394,324,45.0,30.276503540974915,10.0,0.0,0.9693028234211418,614.1,830.8,614.1,0.3,614.1,830.8,614.1,0.3,614.1,830.8,614.1,0.3,1220.1,1436.8,15.4,0.7,arrival_ordered,FCFS
8,167.125,127.03816917986275,39,367,328,35.0,24.49489742783178,10.0,0.0,-0.95650140726849,810.38,977.5,810.38,1.0,489.38,656.5,489.38,0.4175857351371056,323.88,491.0,89.12,0.02914830763068296,651.0,818.12,11.5,0.47067625899280574,reverse_order,SRTF
9,214.55555555555554,99.01276573138323,90,363,273,21.787745412969713,7.368388913766534,2.6062536920081314,2.591181009966064,0.12639316521454366,832.76,1047.32,832.76,0.5475728942122239,721.76,936.32,721.76,0.38094629434327965,614.55,829.1,466.21,0.1656226705607762,1231.54,1446.09,14.43,0.7,mixed,SRTF
10,115.1,50.502915207386245,7,163,156,16.087156543943667,5.304664981061011,1.872797845939143,1.029726037739487,0.3742817667372492,469.08,584.18,469.08,0.4604696110951497,394.68,509.78,394.68,0.27541093644646575,381.31,496.41,336.91,0.21289323374340952,764.18,879.28,13.88,0.7,short_jobs,SRTF
8,410.25,156.09589543427646,50,500,450,24.893129764310892,8.323279807064543,3.202284930542499,1.7974569633061912,0.550552535830488,1227.41,1637.66,1227.41,0.33898924731182795,1162.66,1572.91,1162.66,0.28401734436966214,1163.23,1573.48,1163.23,0.28450126691293676,2325.16,2735.41,12.03,0.7,long_jobs,SJF
12,198.91666666666666,181.0778126729618,14,423,409,33.892011001800036,20.762222361877267,5.3497179764921805,4.368548940630397,0.0994608800357378,1004.24,1203.16,1004.24,0.9600428194325654,506.66,705.57,506.66,0.14923447343455093,505.94,704.86,504.77,0.14771017968940564,1034.41,1233.32,20.32,0.7,bimodal,SRTF
10,212.1,136.04611146388729,13,374,361,143.07638494208837,63.512099486751495,23.22486382232034,12.14756439813593,0.44195483376039224,679.77,891.87,679.77,0.5281796911558259,507.57,719.67,507.57,0.22474205998882255,505.62,717.72,504.32,0.22071848169905106,1039.87,1251.97,15.87,0.7,staggered,SRTF
10,177.4,103.83127338780612,29,347,318,68.64726275591417,40.85926088738735,11.58297538357347,17.911427025651083,0.5031575805617594,656.9,834.3,656.9,0.5831734317343173,473.3,650.7,473.3,0.2265960154940269,465.05,642.45,462.15,0.2092215661901802,939.3,1116.7,13.3,0.7,bursty,SRTF
11,243.72727272727272,100.24080098352258,55,367,312,50.0,33.166247903554,10.0,0.0,0.9814681324413631,872.0,1115.73,872.0,0.3,872.0,1115.73,872.0,0.3,872.0,1115.73,872.0,0.3,1734.55,1978.27,17.27,0.7,arrival_ordered,FCFS
10,157.8,104.1609865117987,24,332,308,45.0,30.276503540974915,10.0,0.0,-0.9882789659221816,945.6,1103.4,945.6,1.0,558.8,716.6,558.8,0.3527019319520244,429.2,587.0,2.0,0.0,862.6,1020.4,15.4,0.5917505973628363,reverse_order,SRTF
11,232.45454545454547,121.42352625118711,25,372,347,24.312497618841633,13.309506188863462,3.9273995152054697,2.399597645706688,-0.5779903482361971,1348.5,1580.96,1348.5,0.7753170334009563,905.14,1137.59,905.14,0.2917866861019115,799.05,1031.51,480.23,0.10418937508926758,1608.23,1840.68,18.23,0.7,mixed,SRTF
12,89.58333333333333,50.09710268039157,12,166,154,18.18808741346059,7.348499676510395,2.1942887126598527,2.2699797372440345,0.08038631138053733,447.21,536.79,447.21,0.5739093900703078,390.63,480.21,390.63,0.41094906238670575,321.48,411.06,245.73,0.1586369802142289,642.79,732.38,19.63,0.7,short_jobs,SRTF
10,318.8,158.41703050983992,50,500,450,18.250553292654736,12.330096762480379,4.011721452024241,3.403982900917507,0.19347118588153311,1337.54,1656.34,1337.54,0.5395960019570839,1038.24,1357.04,1038.24,0.26243676282012823,994.75,1313.55,958.45,0.2139214350590372,1996.24,2315.04,16.34,0.7,long_jobs,SRTF
11,200.0,195.67728534502925,10,442,432,38.656213106501646,16.4994652081142,5.222844061487924,3.3651110865817113,0.14932432590661926,916.51,1116.51,916.51,1.0,570.69,770.69,570.69,0.3824644434553307,434.8,634.8,418.71,0.13445294313269038,880.6,1080.6,14.41,0.6478171513981441,bimodal,SRTF
14,192.21428571428572,100.55628241967746,19,327,308,211.7529682358848,139.7973890669376,33.146821934533875,13.63560081755078,-0.33967122826159246,1175.82,1368.04,1175.82,0.6738667319870195,796.04,988.25,796.04,0.262806542954624,720.96,913.18,546.68,0.1361614583333333,1572.61,1764.82,23.82,0.7,staggered,SRTF
10,220.4,130.9581782266554,18,399,381,55.46213169671108,47.10256006692347,12.010179549779494,16.752361410322575,-0.5480746087461352,1056.03,1276.43,1056.03,0.7954622106392764,594.33,814.73,594.33,0.1667916907097519,594.84,815.24,594.84,0.16748612858101905,1246.63,1467.03,16.23,0.7,bursty,SJF
13,232.6153846153846,119.77307603793828,24,391,367,60.0,38.94440481849308,10.0,0.0,0.9820649619900097,912.85,1145.46,912.85,0.3,912.85,1145.46,912.85,0.3,912.85,1145.46,912.85,0.3,1815.31,2047.92,18.77,0.7,arrival_ordered,FCFS
13,159.76923076923077,115.42829942302843,18,355,337,60.0,38.94440481849308,10.0,0.0,-0.9852913146365335,1307.46,1467.23,1307.46,1.0,685.0,844.77,685.0,0.28132558978470146,547.69,707.46,135.77,0.02671528420266982,1106.15,1265.92,21.23,0.5145267646787844,reverse_order,SRTF
8,212.125,108.39667562113834,49,390,341,29.677044873673083,13.440140933978942,4.699832271593567,3.97496658706611,-0.02992801048468293,723.71,935.83,723.71,0.6043041046228113,514.21,726.33,514.21,0.2296197206715045,501.07,713.2,475.82,0.19547856640899508,1013.21,1225.33,12.21,0.7,mixed,SRTF
11,96.0,49.21585110510637,5,161,156,14.019966094103285,9.748040607728557,2.741795336493005,2.3059956411991416,-0.034511906970050514,470.16,566.16,470.16,0.6006823971854907,358.16,454.16,358.16,0.2885981969714249,328.53,424.53,305.62,0.19083550798354634,658.25,754.25,17.98,0.7,short_jobs,SRTF
11,289.27272727272725,175.17596348191773,50,500,450,17.76297527703019,13.310340159747764,3.91964502505202,2.0955513542136455,-0.03908322311077874,1476.31,1765.58,1476.31,0.728684833218838,1095.85,1385.13,1095.85,0.3600428445804735,914.69,1203.96,702.15,0.14079735676779861,1831.76,2121.03,17.49,0.7,long_jobs,SRTF
12,199.41666666666666,177.9859332201352,23,446,423,31.50020222228604,15.10369687313165,3.9211243702220995,3.6776480621689167,0.15971671852115682,1009.16,1208.58,1009.16,0.9370851348083924,526.49,725.91,526.49,0.15358847320525784,527.17,726.58,527.17,0.1546866299906543,1056.83,1256.24,20.16,0.7,bimodal,SJF
12,184.33333333333334,132.51506489543908,24,390,366,228.17421990464334,118.13811759304427,34.2268018026559,12.622795184253121,0.017618870522396263,781.76,966.09,781.76,0.7297906138513501,513.76,698.09,513.76,0.268023726784854,458.74,643.08,419.49,0.15782554093299497,984.84,1169.17,17.34,0.7,staggered,SRTF
11,130.63636363636363,131.2114878562641,13,388,375,34.694710492886166,45.1787564004388,10.252041498202047,18.31419193387714,-0.16476747785598733,825.0,955.64,825.0,1.0,472.09,602.73,472.09,0.4300038772736313,262.21,392.85,195.21,0.0661410305603347,548.73,679.37,17.09,0.35637449137333643,bursty,SRTF
11,214.9090909090909,137.35607343357958,24,356,332,50.0,33.166247903554,10.0,0.0,0.960579034395821,626.73,841.64,626.73,0.3,626.73,841.64,626.73,0.3,626.73,841.64,626.73,0.3,1247.09,1462.0,15.09,0.7,arrival_ordered,FCFS
9,244.44444444444446,116.62022885322159,31,348,317,40.0,27.386127875258307,10.0,0.0,-0.9256283274048341,1200.56,1445.0,1200.56,0.7772111824407513,778.56,1023.0,778.56,0.2578130440232911,712.67,957.11,298.0,0.07193298686859327,1428.33,1672.78,13.33,0.7,reverse_order,SRTF
9,231.0,149.09057649630307,18,392,374,24.22190769150108,15.376246279550779,5.384571882681062,4.333319763348837,0.07737943546634687,882.06,1113.06,882.06,0.7170698491201664,601.73,832.73,601.73,0.2686746938670067,549.56,780.56,514.0,0.17295279078597647,1107.62,1338.62,12.95,0.7,mixed,SRTF
12,99.75,48.23262758378775,38,170,132,11.59048313889909,8.298489377623143,2.4082107206827326,2.207370522593921,-0.014353805976357352,563.0,662.75,563.0,0.6224349256109156,449.75,549.5,449.75,0.356105445489627,383.74,483.49,354.91,0.18492718894009216,772.91,872.66,20.5,0.7,short_jobs,SRTF
10,297.0,146.4725988785009,85,500,415,16.51579556912388,13.499171633577314,4.042504052042486,3.994780327062707,0.3961143044585896,1140.85,1437.85,1140.85,0.4597335625268585,928.45,1225.45,928.45,0.24331969400462555,929.08,1226.08,929.08,0.24396159954685248,1859.25,2156.25,16.65,0.7,long_jobs,SJF
11,181.27272727272728,178.19993878174645,21,443,422,21.561705242921644,16.844946558311086,4.764751188015758,4.180825074347963,-0.048843154828187726,879.13,1060.4,879.13,1.0,386.13,567.4,386.13,0.12836851449990136,386.98,568.26,386.98,0.12987741259863383,785.85,967.13,17.4,0.5675598377281947,bimodal,SJF
13,204.6153846153846,134.96452525357572,13,398,385,212.89676010129213,103.19465804692744,27.074502302131723,14.185412679205536,-0.14106822561139784,1127.66,1332.27,1127.66,0.7707051618064944,732.51,937.12,732.51,0.28193585172013147,640.18,844.8,545.41,0.1420217239913538,1365.12,1569.74,21.97,0.7,staggered,SRTF
15,213.33333333333334,116.78776028497572,19,388,369,51.584189637613775,34.838453489666506,7.5545764749832145,14.471033988456684,-0.3977647998414009,1602.06,1815.4,1602.06,0.727456809017865,992.2,1205.53,992.2,0.19255865113028534,979.62,1192.95,959.95,0.17778102060109258,1998.93,2212.26,25.93,0.7,bursty,SRTF
10,144.2,127.38463190057286,13,364,351,45.0,30.276503540974915,10.0,0.0,0.9587779822609436,271.1,415.3,271.1,0.3,271.1,415.3,271.1,0.3,271.1,415.3,271.1,0.3,536.3,680.5,10.4,0.7,arrival_ordered,FCFS
12,207.33333333333334,113.74239901344323,26,349,323,55.0,36.05551275463989,10.0,0.0,-0.9791306687815999,1453.42,1660.75,1453.42,0.9145073859987156,858.92,1066.25,858.92,0.2555891775965399,770.0,977.33,409.17,0.0815513670690124,1548.5,1755.83,19.33,0.7,reverse_order,SRTF
14,172.5,119.71617074757086,20,356,336,22.21703619674843,15.116010345903257,3.650306736922382,2.858866090361908,-0.09141865619625256,1121.76,1294.26,1121.76,0.8124747010119595,650.19,822.69,650.19,0.17745662610360138,644.28,816.78,638.93,0.1680359680769651,1296.48,1468.98,24.12,0.7,mixed,SRTF
15,90.6,51.21913704856808,8,166,158,19.200937117525488,7.653989147604771,1.7313592442939056,1.5933486789955094,-0.2705331449240439,681.8,772.4,681.8,0.752209414024976,447.27,537.87,447.27,0.25064795011881735,412.8,503.4,377.47,0.16076738901682097,829.2,919.8,26.07,0.7,short_jobs,SRTF
14,361.42857142857144,121.389211461895,135,500,365,22.240513558479716,11.333396344694659,2.941798581924102,2.4140401804322895,0.3874391672841877,2113.69,2475.11,2113.69,0.3851895772400957,1940.33,2301.76,1940.33,0.2957769743896243,1884.83,2246.26,1749.4,0.24771332201038204,3765.33,4126.76,23.54,0.7,long_jobs,SRTF
8,154.375,141.34247920767282,17,316,299,23.73781320102092,17.361910849467314,6.703813258397552,5.204873959916417,0.12866890409780846,487.07,641.45,487.07,0.9602832994208796,246.45,400.82,246.45,0.14918132786960767,246.01,400.39,243.89,0.14637058563396296,501.57,655.95,12.2,0.7,bimodal,SRTF
15,253.2,113.00202273790121,61,371,310,213.87307385125308,145.44059794236804,33.14112126301112,14.83967061095343,0.04655683179646681,1561.2,1814.4,1561.2,0.5244646680942184,1189.87,1443.07,1189.87,0.24107857616508901,1165.86,1419.06,1143.33,0.21835287221570923,2398.74,2651.94,25.8,0.7,staggered,SRTF
11,273.54545454545456,100.41649629056337,20,388,368,45.437663921754314,43.576271944622555,10.244542939444276,17.92579238997229,-0.005136936918140734,1345.89,1619.44,1345.89,0.48275662345594617,1073.89,1347.44,1073.89,0.2454465833261731,1063.2,1336.74,1061.38,0.23570589210117965,2145.98,2419.53,18.35,0.7,bursty,SRTF
8,183.25,129.85678924987215,18,371,353,35.0,24.49489742783178,10.0,0.0,0.9934517904823965,329.88,513.12,329.88,0.3,329.88,513.12,329.88,0.3,329.88,513.12,329.88,0.3,653.88,837.12,9.25,0.7,arrival_ordered,FCFS
8,211.625,119.22839726460184,28,379,351,35.0,24.49489742783178,10.0,0.0,-0.9697500816118793,953.5,1165.12,953.5,0.9541290822416753,625.25,836.88,625.25,0.3845836957537693,491.75,703.38,187.88,0.05617197452229299,985.88,1197.5,11.5,0.7,reverse_order,SRTF
8,171.125,119.54011580099078,31,316,285,23.51743920706594,18.26497852135074,6.008165793487784,6.659550456449374,0.2454862679750341,511.63,682.75,511.63,0.6585884819602703,345.75,516.88,345.75,0.21961825609897823,336.36,507.48,315.61,0.1823009026679743,678.5,849.63,12.0,0.7,mixed,SRTF
8,117.125,50.13535251126267,40,174,134,15.167960283964291,8.237602073665297,2.699051307023255,2.2939297214924417,-0.020731656122007877,419.18,536.3,419.18,0.5762975227425376,355.8,472.93,355.8,0.3821840849174325,300.33,417.46,289.46,0.20426568265682654,601.43,718.55,12.68,0.7,short_jobs,SRTF
10,328.8,202.03179067771597,54,500,446,21.487725759033076,11.074558039086684,3.619356257506572,4.110381792751314,0.18456536174589186,1316.84,1645.64,1316.84,0.5573036276537154,964.54,1293.34,964.54,0.2197464370858868,963.11,1291.91,957.71,0.21713022075224983,1925.44,2254.24,16.74,0.7,long_jobs,SRTF
9,161.77777777777777,163.59689619440965,13,424,411,33.75186011031892,15.24922058188367,6.0102371542817625,2.2393693510317765,-0.030450256380083078,624.48,786.26,624.48,1.0,259.7,421.48,259.7,0.12683584634482087,256.8,418.58,252.47,0.11777316961661549,516.82,678.59,12.04,0.4950255657093125,bimodal,SRTF
10,220.5,150.53109682424795,15,388,373,142.0965078754718,88.8490715971861,29.14078823667365,13.001352485085725,-0.20470794617172125,949.48,1169.98,949.48,0.8087732160312806,596.08,816.58,596.08,0.26364948756353157,533.1,753.6,527.1,0.1645783905097788,1105.98,1326.48,13.78,0.7,staggered,SRTF
9,245.66666666666666,117.42125020625525,70,387,317,48.66009021462633,39.39516579666111,13.129065944810211,17.657074200600555,-0.0669788833414609,891.74,1137.41,891.74,0.5351850152018292,656.41,902.07,656.41,0.21952970945938244,657.12,902.78,657.12,0.22048204119003664,1356.85,1602.52,14.41,0.7,bursty,SJF
10,296.3,83.642161085849,141,394,253,45.0,30.276503540974915,10.0,0.0,0.9312670233704469,1076.1,1372.4,1076.1,0.3,1076.1,1372.4,1076.1,0.3,1076.1,1372.4,1076.1,0.3,2144.1,2440.4,15.4,0.7,arrival_ordered,FCFS
11,154.27272727272728,128.88994600750743,15,372,357,50.0,33.166247903554,10.0,0.0,-0.9729119461543401,1099.45,1253.73,1099.45,1.0,561.0,715.27,561.0,0.3194969679897862,392.36,546.64,3.91,0.0,793.09,947.36,17.27,0.4003661024874537,reverse_order,SRTF
13,218.0,126.43904987516053,16,392,376,29.931176220939317,14.83186583744238,3.964808235657102,2.2630587190299023,-0.2586848816386146,1366.62,1584.62,1366.62,0.7304862996790915,960.7,1178.7,960.7,0.305917586160079,843.45,1061.45,667.45,0.14401534926265536,1694.16,1912.16,21.93,0.7,mixed,SRTF
12,107.33333333333333,50.386385847646174,38,179,141,17.425089590939624,6.301698806978046,1.650472271907104,1.3590616131892321,0.5988697167104502,489.35,596.68,489.35,0.41786165662064945,433.76,541.1,433.76,0.2877456158993772,420.07,527.41,416.91,0.25367990280708486,831.51,938.85,20.18,0.7,short_jobs,SRTF
10,246.0,169.67681698517987,50,500,450,17.545412129140033,12.700191084894982,3.7371731380152817,3.6970138905636323,-0.026398286843921676,1099.45,1345.45,1099.45,0.7922143734643735,802.85,1048.85,802.85,0.3912269273176475,641.55,887.55,534.25,0.1434349030470914,1292.75,1538.75,16.45,0.7,long_jobs,SRTF
11,180.0909090909091,185.65368541747537,15,432,417,31.53268944741893,16.6944350131377,5.717404850069696,4.933932477261383,0.06431413577101594,885.86,1065.95,885.86,1.0,366.41,546.5,366.41,0.12654482463228028,362.1,542.19,354.19,0.11656853048738414,737.32,917.41,16.32,0.5014777760806476,bimodal,SRTF
15,174.06666666666666,108.30411327544745,41,393,352,273.9317280723599,155.83064357375736,35.058116343484095,10.553639044835847,-0.11390428080969406,1031.85,1205.92,1031.85,0.7290659748318371,602.99,777.05,602.99,0.1789442116891185,596.13,770.2,578.2,0.16480539606222558,1306.99,1481.05,25.19,0.7,staggered,SRTF
11,186.63636363636363,151.21658158236002,15,377,362,41.07070600018292,31.85915375591465,10.677726946636783,18.34795923909909,-0.06721640754092169,940.49,1127.13,940.49,0.9865560891147882,489.59,676.22,489.59,0.1927113355093733,462.2,648.84,440.11,0.1373135945899081,949.86,1136.49,17.77,0.7,bursty,SRTF
13,206.76923076923077,130.60510061897395,18,399,381,60.0,38.94440481849308,10.0,0.0,0.986957628250244,717.23,924.0,717.23,0.3,717.23,924.0,717.23,0.3,717.23,924.0,717.23,0.3,1423.69,1630.46,18.46,0.7,arrival_ordered,FCFS
12,204.66666666666666,77.39665641513479,99,312,213,55.0,36.05551275463989,10.0,0.0,-0.99099770588773,1324.17,1528.83,1324.17,0.6605728338041561,924.5,1129.17,924.5,0.25079846048857996,870.83,1075.5,154.25,0.03101989515955979,1750.92,1955.58,19.33,0.7,reverse_order,SRTF
8,195.125,137.77978029138694,27,356,329,27.318720899217432,19.546007514319474,6.635491988718008,5.271210536547939,0.13767050658618052,572.54,767.66,572.54,0.6548801851276942,379.29,574.41,379.29,0.19924060113995898,377.81,572.93,374.43,0.19394161104964489,761.91,957.04,12.16,0.7,mixed,SRTF
15,83.6,46.82307123630401,29,176,147,18.10724470081323,8.314533300834414,1.9019509432360944,1.2762252539430203,0.061250434143178,558.18,641.78,558.18,0.6140311574610531,401.91,485.51,401.91,0.24416634697180678,383.96,467.56,339.23,0.17643905191873596,772.31,855.91,26.58,0.7,short_jobs,SRTF
8,376.375,134.62321759000457,163,500,337,19.929204281580997,11.431029010442229,5.287113849483771,3.888281787493795,-0.3334457410246628,1362.88,1739.25,1362.88,0.5193621581955816,1149.38,1525.75,1149.38,0.3276251695369251,1038.32,1414.7,827.82,0.18111979263099426,2074.0,2450.38,12.63,0.7,long_jobs,SRTF
10,206.3,186.0048087789369,19,428,409,16.8140495507157,17.3999239635978,5.160700914176829,4.805321373208957,0.06849910140744185,845.22,1051.52,845.22,0.9294549499443827,441.02,647.32,441.02,0.15376266280752532,441.59,647.89,439.69,0.1541691290692826,890.52,1096.82,16.02,0.7,bimodal,SJF
13,209.30769230769232,122.10267852329899,18,399,381,190.08071275845765,115.91307750733371,30.04321843068645,11.927460941902519,0.23663639966986158,962.17,1171.48,962.17,0.5546457891589192,735.09,944.4,735.09,0.26617774485257306,694.53,903.84,577.23,0.17724736120412005,1430.25,1639.56,21.4,0.7,staggered,SRTF
13,191.53846153846155,128.76568861347562,19,371,352,47.812604143368326,40.427886188899514,8.916448073000135,15.617166460716716,0.25947977601106437,978.63,1170.17,978.63,0.6440339423637151,768.33,959.86,768.33,0.35811252531028526,649.65,841.19,624.11,0.18874895397489538,1319.02,1510.56,22.63,0.7,bursty,SRTF
9,241.22222222222223,136.6444087566134,17,388,371,40.0,27.386127875258307,10.0,0.0,0.9693596176281299,602.44,843.67,602.44,0.3,602.44,843.67,602.44,0.3,602.44,843.67,602.44,0.3,1198.0,1439.22,11.33,0.7,arrival_ordered,FCFS
13,191.92307692307693,146.0835728492778,15,398,383,60.0,38.94440481849308,10.0,0.0,-0.9742249522562089,1603.15,1795.08,1603.15,1.0,786.0,977.92,786.0,0.2523244733214892,638.08,830.0,242.85,0.04202867401638515,1285.08,1477.0,21.23,0.4692902989086496,reverse_order,SRTF
10,244.4,120.656721505453,47,399,352,22.495186443804517,13.290795300148435,4.455384221341634,3.100527168072657,0.03430903142299786,1065.83,1310.23,1065.83,0.5612406903050094,824.53,1068.93,824.53,0.27426035472256427,776.7,1021.1,748.3,0.20925985902076585,1551.43,1795.83,16.03,0.7,mixed,SRTF
13,85.23076923076923,63.87116439384553,12,177,165,13.711251875817473,8.303513449488594,2.233610081740084,1.3526547741912174,0.02838891900868842,502.4,587.63,502.4,0.8562628847657638,363.24,448.47,363.24,0.42305939815935756,278.83,364.06,233.44,0.13192801199800033,560.17,645.4,22.32,0.7,short_jobs,SRTF
14,311.07142857142856,136.25398471842337,127,500,373,16.07545761831867,11.39679960356132,2.6955546204902,2.7545452040023433,-0.1609017942371388,2072.23,2383.3,2072.23,0.5728257590485832,1605.23,1916.3,1605.23,0.28525518066262945,1490.85,1801.92,1334.85,0.19196636127444278,2982.52,3293.59,24.59,0.7,long_jobs,SRTF
9,155.88888888888889,158.88788849723917,12,372,360,29.46818656081352,22.192468217885256,6.223766728070737,9.274941445742272,-0.08101147367974416,608.08,763.97,608.08,1.0,254.74,410.63,254.74,0.12443307070522619,253.31,409.2,246.87,0.11763824846016625,513.63,669.52,13.86,0.513639822983905,bimodal,SRTF
15,176.53333333333333,121.87046206447864,10,360,350,244.6318837132775,140.53807953029556,29.352251224630145,12.71197940191904,-0.6776590971193788,1388.42,1564.95,1388.42,0.9776354874909237,687.02,863.55,687.02,0.17498625320834377,655.17,831.7,472.1,0.09822665883734585,1412.62,1589.15,26.02,0.7,staggered,SRTF
12,160.33333333333334,112.31719153874673,18,380,362,43.12299340727762,42.7179332080735,9.30788342802793,17.39262290951687,-0.3796401835914173,984.34,1144.67,984.34,0.9366924089689848,541.17,701.5,541.17,0.21320739749724055,502.46,662.79,454.13,0.13496949701195218,1032.25,1192.59,20.5,0.7,bursty,SRTF
10,180.5,143.1108738783403,15,376,361,45.0,30.276503540974915,10.0,0.0,0.9656100768200153,390.7,571.2,390.7,0.3,390.7,571.2,390.7,0.3,390.7,571.2,390.7,0.3,774.7,955.2,12.6,0.7,arrival_ordered,FCFS
10,246.3,108.80058210628593,31,384,353,45.0,30.276503540974915,10.0,0.0,-0.9678917345447943,1350.3,1596.6,1350.3,0.7496907966533284,914.1,1160.4,914.1,0.2814172566950095,820.5,1066.8,109.0,0.02103528354183834,1645.2,1891.5,15.4,0.7,reverse_order,SRTF
10,170.4,118.33211266976048,25,331,306,24.58690471916711,15.241938027807384,4.627028285420338,2.454927210227952,-0.607768773018937,929.05,1099.45,929.05,1.0,468.05,638.45,468.05,0.18606686217290513,441.91,612.31,431.71,0.13656260269470916,898.55,1068.95,16.15,0.6561727634766186,mixed,SRTF
11,92.54545454545455,57.13731466627328,8,179,171,13.295962513014137,10.850770822969945,2.8227032765357367,3.354572958808874,-0.3491564454992747,501.12,593.66,501.12,0.8126483948660359,298.84,391.39,298.84,0.20329216558800403,286.7,379.25,282.52,0.1641223272003978,579.48,672.02,18.48,0.7,short_jobs,SRTF
12,321.1666666666667,166.89889881075436,50,500,450,19.866330900256497,11.363532392824023,3.1756018579924077,2.2763861126180287,-0.5042018860721394,2040.52,2361.69,2040.52,0.7579341994139279,1336.6,1657.77,1336.6,0.2556222260293588,1230.22,1551.38,1117.47,0.16296967087780764,2468.85,2790.02,19.69,0.7,long_jobs,SRTF
13,183.76923076923077,170.7103559864651,17,425,408,27.88288846033638,15.728565942996077,4.251819504034288,3.188965756370949,-0.058435252538776086,1087.48,1271.25,1087.48,1.0,508.32,692.09,508.32,0.13690381203593321,508.89,692.66,508.89,0.13775325748648137,1032.17,1215.94,22.17,0.6331497340976587,bimodal,SJF
15,205.8,116.88406954878717,13,394,381,172.83965848138425,95.7014883800539,23.74735895544145,11.867565011789575,-0.18807650786668081,1357.38,1563.18,1357.38,0.6903019850239425,842.58,1048.38,842.58,0.18851202438347806,836.89,1042.69,836.03,0.18277244790885924,1770.38,1976.18,23.18,0.7,staggered,SRTF
13,208.23076923076923,138.774489638258,13,399,386,58.82268747977551,37.97861864570995,8.987903975961279,14.311777586112749,0.20047664980495736,1108.74,1316.97,1108.74,0.6861244612143163,710.66,918.89,710.66,0.19246325063742437,708.18,916.41,707.18,0.18911164498936842,1434.35,1642.58,22.35,0.7,bursty,SRTF
8,221.875,154.19786685572905,11,371,360,35.0,24.49489742783178,10.0,0.0,0.9215404114931876,437.0,658.88,437.0,0.3,437.0,658.88,437.0,0.3,437.0,658.88,437.0,0.3,868.0,1089.88,8.12,0.7,arrival_ordered,FCFS
15,235.53333333333333,111.70552273510836,26,357,331,70.0,44.721359549995796,10.0,0.0,-0.9371060858241693,2015.67,2251.2,2015.67,0.762121460140776,1263.27,1498.8,1263.27,0.21765219274426045,1209.07,1444.6,573.33,0.08261315166769656,2430.87,2666.4,25.2,0.7,reverse_order,SRTF
13,256.2307692307692,104.51009029925758,74,392,318,26.066088391141406,16.65921973882905,3.773479794407199,2.33871392557156,0.07053295867737347,1503.32,1759.55,1503.32,0.511988773747841,1185.71,1441.94,1185.71,0.25564614156512083,1152.63,1408.86,1054.32,0.20902889868912466,2310.63,2566.86,22.63,0.7,mixed,SRTF
12,87.16666666666667,55.51876559626784,5,160,155,20.720589059163636,7.887282833276759,2.3153516824826634,2.7012468674295755,0.10012573548596454,447.59,534.75,447.59,0.6897113833693675,288.5,375.67,288.5,0.19572842370620255,285.36,372.53,284.53,0.18539499578296317,576.75,663.92,20.75,0.7,short_jobs,SRTF
14,291.42857142857144,173.41134480043254,50,500,450,16.565309911554547,12.548861116216651,2.894030899093049,1.9941965823339758,-0.0635603658469997,1938.2,2229.63,1938.2,0.7080294941076893,1221.98,1513.41,1221.98,0.18775271389913387,1222.15,1513.58,1218.58,0.18731670853940546,2450.7,2742.13,23.98,0.7,long_jobs,SRTF
13,182.76923076923077,178.28682595102845,11,422,411,30.956392839343476,17.706889578197895,4.291320242351724,2.1645744469033117,0.08085901342911109,1029.09,1211.86,1029.09,1.0,486.48,669.25,486.48,0.14326621763262978,482.66,665.43,471.04,0.1337735193367423,968.4,1151.17,21.94,0.6222535365920614,bimodal,SRTF
9,210.44444444444446,145.23352842156586,13,374,361,120.40166557826453,66.09210354137556,23.94785951373145,12.581394380799388,0.20201861801758972,661.16,871.61,661.16,0.6709805575284089,442.61,653.05,442.61,0.23069846991327822,422.38,632.82,410.93,0.1846671480588118,872.94,1083.38,10.27,0.7,staggered,SRTF
8,145.5,88.48405828977654,32,279,247,54.31043855404003,36.81681033310194,14.041156330807066,18.583135077804716,0.37573196493853833,353.87,499.37,353.87,0.45003886054134423,293.99,439.49,293.99,0.2556782539068362,290.44,435.94,286.44,0.2406338958180484,586.37,731.87,13.12,0.7,bursty,SRTF
11,214.63636363636363,124.82249214566478,44,378,334,50.0,33.166247903554,10.0,0.0,0.9712809732498956,657.64,872.27,657.64,0.3,657.64,872.27,657.64,0.3,657.64,872.27,657.64,0.3,1304.55,1519.18,17.27,0.7,arrival_ordered,FCFS
10,195.2,117.55830704614436,10,342,332,45.0,30.276503540974915,10.0,0.0,-0.9758597857413542,1146.0,1341.2,1146.0,1.0,667.6,862.8,667.6,0.2965737879609214,565.1,760.3,160.3,0.03844861135680171,1134.7,1329.9,15.4,0.6863831984851094,reverse_order,SRTF
13,161.69230769230768,117.50559179274876,31,359,328,31.708437873605753,9.714506335422946,2.553805531961341,2.870585666719007,0.10620044441757516,909.37,1071.06,909.37,0.7351620770066041,617.29,778.98,617.29,0.2724689116560511,560.14,721.83,470.45,0.15161428458738546,1121.91,1283.6,21.98,0.7,mixed,SRTF
13,101.15384615384616,60.37500331793801,5,179,174,15.23220640385761,8.95424742297239,2.1133060023051873,1.6964901537237487,-0.21715014793030013,652.4,753.55,652.4,0.77747626542113,457.01,558.17,457.01,0.3373621380207687,383.69,484.84,343.61,0.15313664251628964,777.63,878.78,21.63,0.7,short_jobs,SRTF
14,294.2142857142857,150.5084605704832,55,500,445,16.536828022048653,9.726677567455669,2.3247672852462733,1.8160980677667815,0.14044058672629775,1791.84,2086.05,1791.84,0.54350316674794,1369.41,1663.63,1369.41,0.2489298506651348,1330.32,1624.53,1317.32,0.2194623126665422,2657.05,2951.27,24.27,0.7,long_jobs,SRTF
14,173.28571428571428,159.55680376083507,14,400,386,31.620880198642645,16.74706637437579,4.005873722229985,2.041954727623965,0.19201235068001649,981.66,1154.95,981.66,0.8824989864792723,533.02,706.3,533.02,0.15959084886862723,533.16,706.45,533.16,0.1598219979729947,1072.16,1245.45,23.09,0.7,bimodal,SJF
11,200.0909090909091,103.81951121581584,37,381,344,166.74733167950419,79.42381258212325,26.083233882741943,11.17092046441278,0.31782564693090865,795.78,995.87,795.78,0.5262563154455476,593.78,793.87,593.78,0.22293737335477867,592.98,793.07,582.16,0.21756049242960238,1220.41,1420.5,18.41,0.7,staggered,SRTF
15,231.33333333333334,114.60408037280015,51,380,329,57.779379938930134,51.111775072926946,7.695593768878693,23.189429775294794,-0.05384946964238021,1660.04,1891.38,1660.04,0.6458129755008026,1208.71,1440.04,1208.71,0.2873002662945059,1093.82,1325.15,1016.62,0.18186397214078937,2239.98,2471.31,26.11,0.7,bursty,SRTF
11,204.9090909090909,107.05835282261216,43,374,331,50.0,33.166247903554,10.0,0.0,0.9812083754449993,657.82,862.73,657.82,0.3,657.82,862.73,657.82,0.3,657.82,862.73,657.82,0.3,1305.82,1510.73,17.27,0.7,arrival_ordered,FCFS
14,239.07142857142858,85.18077093020312,78,390,312,65.0,41.83300132670378,10.0,0.0,-0.9648393304449053,1808.21,2047.29,1808.21,0.6252557390240889,1320.64,1559.71,1320.64,0.269781083305086,1228.43,1467.5,690.07,0.11206888824148982,2476.21,2715.29,23.29,0.7,reverse_order,SRTF
10,185.1,102.7882937563093,27,366,339,22.441627658022814,13.90113512232307,4.580352674720617,4.0519023313148885,0.15913902797280519,768.66,953.76,768.66,0.5819426693445318,563.66,748.76,563.66,0.23821034746936298,548.06,733.16,522.96,0.20204651162790696,1095.76,1280.86,16.16,0.7,mixed,SRTF
15,96.13333333333334,57.360846111844154,12,179,167,13.892624846891941,9.519780928772406,2.120939993110071,1.7982190230471482,0.13746107169466487,620.64,716.77,620.64,0.6214918838667376,426.7,522.84,426.7,0.20216086232700492,427.31,523.44,426.51,0.20306911784608295,848.97,945.1,25.97,0.7,short_jobs,SJF
14,303.42857142857144,136.82819900866943,103,500,397,22.36861266228659,11.166615630719368,2.723689766432197,1.955427619525513,-0.23277314524965267,2094.19,2397.61,2094.19,0.6204579454787235,1507.04,1810.47,1507.04,0.2507080661356562,1433.2,1736.63,1226.42,0.1742410921317051,2877.04,3180.47,24.11,0.7,long_jobs,SRTF
9,185.0,196.07014051099162,17,431,414,22.688178810037932,19.006702927921992,6.815111677455335,7.9468100658806815,-0.03624191568051336,757.97,942.97,757.97,1.0,291.09,476.09,291.09,0.11171156638167447,291.31,476.31,287.42,0.11056133816161957,591.31,776.31,14.09,0.45012422892392046,bimodal,SRTF
10,232.0,90.5145783224387,59,362,303,177.29207808202014,90.68870585286827,29.49022568356024,14.603120246587645,-0.054291470924304225,922.44,1154.44,922.44,0.5074897446076485,698.44,930.44,698.44,0.22581962689038526,699.21,931.21,699.21,0.2267878679200383,1454.14,1686.14,16.54,0.7,staggered,SJF
13,179.23076923076923,105.47523709869365,36,378,342,59.363129113612366,47.35097056386718,8.996091541201146,16.305373314979754,0.022093327344930438,987.66,1166.89,987.66,0.6485825831075372,645.82,825.05,645.82,0.19378793214159953,646.64,825.87,646.64,0.19487888584447824,1332.28,1511.51,22.12,0.7,bursty,SJF
14,224.0,102.137915810701,18,389,371,65.0,41.83300132670378,10.0,0.0,0.9723549044561303,1005.21,1229.21,1005.21,0.3,1005.21,1229.21,1005.21,0.3,1005.21,1229.21,1005.21,0.3,2001.21,2225.21,20.29,0.7,arrival_ordered,FCFS
14,187.92857142857142,113.93281710370728,25,365,340,65.0,41.83300132670378,10.0,0.0,-0.988622138851362,1594.07,1782.0,1594.07,1.0,896.07,1084.0,896.07,0.264328326400912,782.93,970.86,99.57,0.01456855829587848,1573.07,1761.0,23.29,0.6818773577927362,reverse_order,SRTF
10,175.7,144.88773431714486,13,374,361,32.77783917988008,13.486969846140997,4.420305728187997,2.1554265834685262,-0.6698635374931909,1031.05,1206.75,1031.05,1.0,503.55,679.25,503.55,0.2625893504166927,396.02,571.72,327.52,0.09201911706740244,797.95,973.65,16.25,0.4430515093775098,mixed,SRTF
8,72.0,59.46907960084323,8,155,147,17.62446556159386,9.970190358237575,3.7978744966390003,3.4511170081900437,-0.22571871210963454,264.69,336.69,264.69,1.0,141.56,213.56,141.56,0.2666202507696668,118.13,190.13,109.5,0.11688495575221239,236.69,308.69,10.44,0.5662663755458515,short_jobs,SRTF
14,286.0,185.99627787839032,50,500,450,18.618921262786706,11.926096889416764,2.5866135108573336,1.8937882025177237,-0.2064418621266562,1999.64,2285.64,1999.64,0.8207799182315849,1350.79,1636.79,1350.79,0.3288148473766479,1140.74,1426.74,951.17,0.1407613097889919,2295.22,2581.22,24.36,0.7,long_jobs,SRTF
14,182.64285714285714,164.78639186854886,18,441,423,34.84363991806071,14.623865646312746,3.8368566830011543,2.0504037694477995,0.19366334557829365,1066.62,1249.26,1066.62,0.9225146712583898,560.48,743.12,560.48,0.15429788704012898,561.01,743.66,561.01,0.15510758952492631,1129.62,1312.26,24.48,0.7,bimodal,SJF
9,220.22222222222223,109.75857344392028,43,395,352,108.03512386281305,44.42131336429557,16.5783156488256,12.993844802534463,-0.05386687042319838,867.12,1087.34,867.12,0.6235950654313118,631.89,852.12,631.89,0.267180637439559,588.96,809.19,484.74,0.16546495127071434,1190.67,1410.89,14.45,0.7,staggered,SRTF
8,183.625,117.92847408492997,28,332,304,61.48292564625469,41.90148793751796,14.558678251389471,19.844885957973503,0.5381914662956429,463.74,647.37,463.74,0.535570376545783,379.37,562.99,379.37,0.3153500194179092,342.64,526.27,328.64,0.21018282548476452,702.49,886.12,12.49,0.7,bursty,SRTF
11,207.8181818181818,113.25177100762546,30,365,335,50.0,33.166247903554,10.0,0.0,0.9752042245008107,656.09,863.91,656.09,0.3,656.09,863.91,656.09,0.3,656.09,863.91,656.09,0.3,1301.55,1509.36,16.55,0.7,arrival_ordered,FCFS
14,191.64285714285714,125.65190447781163,23,394,371,65.0,41.83300132670378,10.0,0.0,-0.9799782141930335,1659.0,1850.64,1659.0,1.0,904.71,1096.36,904.71,0.26991952737974756,766.71,958.36,236.36,0.03907844300028734,1543.79,1735.43,23.29,0.6096175152069541,reverse_order,SRTF
11,258.8181818181818,111.77818944840553,46,379,333,26.94017348712364,15.20452515336921,4.160259779040959,4.915025215242189,0.02925439480756287,1271.49,1530.31,1271.49,0.5286262160139685,989.04,1247.86,989.04,0.2555340251676139,957.24,1216.06,923.24,0.21665004587338943,1919.4,2178.22,18.04,0.7,mixed,SRTF
8,84.0,31.762511595545195,49,126,77,15.364940834444058,5.82145241469039,2.3934029030108377,2.6904196884654934,-0.6308312520311007,305.31,389.31,305.31,0.5423041271242551,254.81,338.81,254.81,0.3344943006930997,226.89,310.89,188.26,0.1799979495591552,453.44,537.44,12.69,0.7,short_jobs,SRTF
12,356.3333333333333,139.9151257878948,50,500,450,18.261709868817523,10.523440716623112,2.7479249359498374,2.2482044788092628,-0.0680746531357909,1984.62,2340.95,1984.62,0.5133779045853111,1655.7,2012.03,1655.7,0.3128245075513459,1517.74,1874.07,1047.32,0.15687089927160375,3049.37,3405.7,20.03,0.7,long_jobs,SRTF
15,187.53333333333333,171.93473291034707,13,443,430,23.55002485146985,18.05940523838333,4.030749237881798,2.859512826904255,0.0037684990996919624,1260.08,1447.62,1260.08,0.9914952096748861,631.62,819.15,631.62,0.1477636478509657,631.12,818.65,629.32,0.14665478119935169,1267.82,1455.35,26.08,0.7,bimodal,SRTF
10,237.6,129.32920955625005,18,399,381,183.6361589776941,100.29338551533215,30.01301871756828,13.663693758807067,-0.3397267390604756,1039.15,1276.75,1039.15,0.7054043014690348,703.85,941.45,703.85,0.2765129546363133,627.96,865.56,459.76,0.13012412040656762,1337.95,1575.55,15.95,0.7,staggered,SRTF
13,183.3846153846154,91.78102423843619,40,360,320,67.44731867263967,36.12083781496728,8.788176715859619,15.400058061772045,0.16219377178000038,970.34,1153.72,970.34,0.5224337443426073,748.87,932.26,748.87,0.24434071645740232,733.55,916.94,648.09,0.19807268548293566,1478.72,1662.1,21.87,0.7,bursty,SRTF
15,205.4,100.75840978725866,44,361,317,70.0,44.721359549995796,10.0,0.0,0.9856582913419429,953.27,1158.67,953.27,0.3,953.27,1158.67,953.27,0.3,953.27,1158.67,953.27,0.3,1890.87,2096.27,25.2,0.7,arrival_ordered,FCFS
12,122.25,102.27069694954393,44,381,337,55.0,36.05551275463989,10.0,0.0,-0.8245473939664236,896.08,1018.33,896.08,1.0,597.42,719.67,597.42,0.485926771664239,388.5,510.75,184.17,0.05640376390076987,791.67,913.92,19.33,0.556008905000197,reverse_order,SRTF
13,193.30769230769232,107.75619442007701,15,331,316,19.54558216321622,13.204652634744116,3.4556869479086,2.774422116875173,0.5051636144790477,954.44,1147.74,954.44,0.48086254078518054,758.05,951.36,758.05,0.2368317787069797,758.99,952.3,758.99,0.23799982507639408,1518.13,1711.44,21.74,0.7,mixed,SJF
11,103.0,47.39409245887086,34,167,133,9.73215224152407,8.355256732617576,2.481205972295997,2.331220018291821,-0.25806598799470526,528.74,631.74,528.74,0.604510717614166,365.37,468.37,365.37,0.20386607037778037,365.72,468.72,365.72,0.20472440193518227,740.92,843.92,18.92,0.7,short_jobs,SJF
13,302.3076923076923,157.69875534035592,72,500,428,20.371122864825402,12.667328457188814,3.1404390417609913,2.2539063372971246,0.2168935936613194,1705.45,2007.76,1705.45,0.5640665106142546,1274.92,1577.22,1274.92,0.24410213629182217,1238.09,1540.4,1184.71,0.20722277651083237,2476.99,2779.3,21.61,0.7,long_jobs,SRTF
14,179.71428571428572,168.17547089569575,10,422,412,29.72734930687488,21.39038887244331,4.311082296487971,4.230216739496701,0.04919296334582382,1059.63,1239.34,1059.63,0.9759102564102564,532.42,712.13,532.42,0.1472489690273606,533.34,713.06,533.34,0.14870050663596826,1078.42,1258.13,24.2,0.7,bimodal,SJF
11,146.72727272727272,98.59928083824029,13,308,295,227.55020073858853,110.7221818571108,34.44234522057047,11.993789809340031,-0.28089962304753346,622.51,769.24,622.51,0.7449272882805817,414.24,560.97,414.24,0.2858408432195759,362.45,509.18,261.18,0.12171217105263159,771.6,918.33,14.51,0.7,staggered,SRTF
8,195.125,119.39781943450343,25,335,310,60.95058988320524,49.523818978317806,15.356969987890707,20.20782572274976,0.02832352767875462,610.12,805.25,610.12,0.6747828589830007,502.37,697.5,502.37,0.435611241782039,392.17,587.3,225.92,0.10785836931335122,799.25,994.37,10.25,0.7,bursty,SRTF
14,211.28571428571428,117.05713829738718,26,361,335,65.0,41.83300132670378,10.0,0.0,0.9833634310509803,861.21,1072.5,861.21,0.3,861.21,1072.5,861.21,0.3,861.21,1072.5,861.21,0.3,1713.21,1924.5,20.86,0.7,arrival_ordered,FCFS
11,260.90909090909093,87.67605664656062,170,381,211,50.0,33.166247903554,10.0,0.0,-0.9635866618780405,1509.27,1770.18,1509.27,0.6068458638783126,1119.91,1380.82,1119.91,0.27041383323371954,1046.45,1307.36,461.73,0.0893686327077748,2102.27,2363.18,17.27,0.7,reverse_order,SRTF
15,216.53333333333333,122.69815848348375,27,400,373,24.513559001846286,16.22940983162529,3.2716719378234025,3.054700973812714,0.427763309877495,1264.85,1481.38,1264.85,0.4940399858429105,1004.25,1220.78,1004.25,0.2464170970765148,990.82,1207.35,984.09,0.2320265024654395,1979.38,2195.92,25.72,0.7,mixed,SRTF
13,99.3076923076923,52.642480652328395,7,179,172,16.764227296270416,8.596658119717645,2.092690740602135,1.293568310363556,0.3226105555535711,512.94,612.25,512.94,0.500131109541021,444.02,543.33,444.02,0.336701192218965,399.24,498.54,322.85,0.183817537283025,796.94,896.25,22.1,0.7,short_jobs,SRTF
11,331.8181818181818,160.88556068324976,88,500,412,13.957743496079233,8.692044969078845,2.6219613829267785,1.5903718089003973,0.47613394709640766,1376.69,1708.51,1376.69,0.41948574784451576,1176.14,1507.96,1176.14,0.25571087849476615,1176.86,1508.68,1176.86,0.25629885109976136,2351.05,2682.87,18.23,0.7,long_jobs,SJF
9,169.77777777777777,177.83614493247555,10,412,402,25.01486635978306,19.797751849778443,6.904296443720332,4.265771215874513,0.005640864120866267,658.18,827.96,658.18,1.0,269.18,438.96,269.18,0.1245828848056879,265.99,435.76,261.21,0.11517079757267239,537.85,707.63,13.85,0.48523144502219195,bimodal,SRTF
12,201.0,118.29623831720095,19,348,329,197.13699724089636,103.33502711085822,28.9369592665137,15.721620028532705,0.013578301604637077,899.76,1100.76,899.76,0.6164824151595047,630.6,831.6,630.6,0.2343320760657015,606.53,807.53,550.53,0.18109025287147593,1255.1,1456.1,18.68,0.7,staggered,SRTF
14,232.5,113.15595092954338,26,380,354,34.17101943135429,37.34501568008071,7.875580379453451,14.684606384495934,-0.1188020737141476,1576.27,1808.77,1576.27,0.6369352053039166,1137.56,1370.06,1137.56,0.2669798202897084,1057.9,1290.4,896.47,0.16860128731307222,2134.84,2367.34,24.2,0.7,bursty,SRTF
8,158.125,120.06716870152306,31,367,336,35.0,24.49489742783178,10.0,0.0,0.9615183373877693,271.0,429.12,271.0,0.3,271.0,429.12,271.0,0.3,271.0,429.12,271.0,0.3,535.5,693.62,11.38,0.7,arrival_ordered,FCFS
11,269.90909090909093,89.647592879513,125,396,271,50.0,33.166247903554,10.0,0.0,-0.9669474525948693,1560.91,1830.82,1560.91,0.6032159906708939,1164.27,1434.18,1164.27,0.2731806945140176,1085.45,1355.36,479.27,0.08978777435153272,2183.09,2453.0,17.27,0.7,reverse_order,SRTF
12,166.0,120.81616387944725,10,360,350,18.047706179753913,11.062553546162482,3.11673704588077,4.005010810823576,0.4438028659272266,660.17,826.17,660.17,0.5000899614730213,514.01,680.01,514.01,0.23171795191229602,514.45,680.45,514.45,0.23252585889236396,1025.34,1191.34,18.01,0.7,mixed,SJF
15,96.6,58.35580519537024,5,170,165,14.733350075227428,9.248528472321805,1.924131236986357,1.1992037189763547,0.36998246457658857,583.24,679.84,583.24,0.5647980135612645,481.24,577.84,481.24,0.3395542464979906,424.8,521.4,371.2,0.18613671756135106,843.64,940.24,24.57,0.7,short_jobs,SRTF
11,345.90909090909093,174.70858853843134,50,500,450,19.12943907785748,12.740183337591931,3.9147328951744838,2.475390545114659,0.08579192035476882,1676.34,2022.25,1676.34,0.5570553245506253,1373.16,1719.07,1373.16,0.3295119285234138,1225.05,1570.96,968.78,0.17198735963526277,2453.98,2799.89,18.16,0.7,long_jobs,SRTF
13,147.6153846153846,149.23054784546096,11,327,316,42.9817234839444,12.329773575052002,3.381140982576398,3.5761783479763802,-0.07190878433728522,898.82,1046.43,898.82,1.0,530.12,677.74,530.12,0.37779126258863205,378.94,526.56,281.48,0.08941635303080264,771.82,919.43,19.35,0.5289975900678491,bimodal,SRTF
9,180.88888888888889,113.75790570817973,32,338,306,156.15874476321315,77.46387192686052,28.691325699252317,16.268319363418964,0.1311223219401404,565.88,746.77,565.88,0.6427318792610073,403.21,584.1,403.21,0.2696558737874521,370.29,551.17,353.73,0.18518571969765302,769.77,950.66,11.55,0.7,staggered,SRTF
10,245.8,115.90206593882996,44,380,336,64.83105375535136,37.85658143485556,10.692333684274956,18.88837640064836,0.4845324232971041,852.86,1098.66,852.86,0.3982296277011196,745.06,990.86,745.06,0.2613389121338912,745.27,991.07,745.27,0.26160558235902215,1513.26,1759.06,16.36,0.7,bursty,SJF
8,254.875,115.02228045035449,63,387,324,35.0,24.49489742783178,10.0,0.0,0.980366668988318,615.38,870.25,615.38,0.3,615.38,870.25,615.38,0.3,615.38,870.25,615.38,0.3,1222.88,1477.75,11.5,0.7,arrival_ordered,FCFS
11,199.0,129.8275779640058,17,366,349,50.0,33.166247903554,10.0,0.0,-0.9884127106482208,1331.91,1530.91,1331.91,1.0,725.09,924.09,725.09,0.27562889501150967,606.91,805.91,189.82,0.03937579869774233,1223.55,1422.55,17.27,0.5953765517241378,reverse_order,SRTF
10,228.1,100.33770754584518,63,355,292,30.618937214809232,15.161523764764281,4.544276920845437,3.2983201264587896,-0.19387417776224064,1045.37,1273.47,1045.37,0.5727501992708646,845.37,1073.47,845.37,0.33149263881039864,747.18,975.28,587.38,0.16644926127527215,1512.47,1740.57,16.57,0.7,mixed,SRTF
12,77.25,58.91924365372719,11,160,149,15.411427993648646,8.86823480292659,2.3747739127492893,2.096886567021989,0.15064885138475367,388.52,465.77,388.52,0.8088548337234465,299.27,376.52,299.27,0.46036503760367153,223.92,301.17,172.84,0.12461238208825764,450.35,527.6,19.6,0.7,short_jobs,SRTF
9,333.8888888888889,165.03593884700118,50,500,450,19.915810040667683,11.955814416381235,4.09187031795831,2.5634558873383524,0.5582109770416755,1112.72,1446.61,1112.72,0.4215807292761913,962.94,1296.83,962.94,0.2704392067792102,947.53,1281.42,920.31,0.24745576026798718,1898.61,2232.5,14.16,0.7,long_jobs,SRTF
8,189.25,180.81778515558537,14,404,390,27.13048542177296,19.640343327667626,7.369145676627722,9.352325075305142,0.05439007488446071,568.76,758.01,568.76,0.971702735810535,286.76,476.01,286.76,0.14801121052064245,287.12,476.37,285.12,0.14798479693959868,580.64,769.89,12.14,0.7,bimodal,SRTF
15,226.8,119.39143304992315,29,380,351,211.833128748614,118.42241797926151,24.948894429706332,13.628872313517267,-0.1468251952758468,1496.13,1722.93,1496.13,0.6441836471498581,1061.19,1287.99,1061.19,0.274942982252736,962.37,1189.17,849.43,0.1679970607046144,2047.93,2274.73,26.39,0.7,staggered,SRTF
9,196.44444444444446,119.75194268895089,42,369,327,43.21100100749118,34.23738842232522,12.956319957334417,20.427675472207913,0.22735963632804013,672.63,869.07,672.63,0.6070135865498771,458.74,655.19,458.74,0.20256468658892132,459.12,655.57,459.12,0.2032832471559392,946.41,1142.85,14.07,0.7,bursty,SJF
10,188.3,127.05471262412898,32,380,348,45.0,30.276503540974915,10.0,0.0,0.9859636410802766,461.0,649.3,461.0,0.3,461.0,649.3,461.0,0.3,461.0,649.3,461.0,0.3,911.4,1099.7,15.4,0.7,arrival_ordered,FCFS
10,245.6,110.50409746048132,20,343,323,45.0,30.276503540974915,10.0,0.0,-0.9089671467396595,1333.9,1579.5,1333.9,0.7237040584221239,883.9,1129.5,883.9,0.2442049595718609,828.3,1073.9,583.9,0.12935153583617748,1663.6,1909.2,15.4,0.7,reverse_order,SRTF
10,231.3,105.02280175699411,105,400,295,25.580263931676228,16.993966627203047,5.155517948878058,3.9726032353449185,0.24719536654968183,930.96,1162.26,930.96,0.4732741801854772,789.26,1020.56,789.26,0.2942786131789876,745.72,977.02,622.12,0.19876311188811188,1494.06,1725.36,15.76,0.7,mixed,SRTF
13,80.3076923076923,61.027841481551974,7,179,172,18.751315385922037,7.654028118677466,2.082329077989101,2.454592990147002,-0.11928313653558062,505.88,586.19,505.88,0.9738739640402521,277.57,357.88,277.57,0.21181239980233618,257.86,338.17,228.02,0.12749829273844754,515.5,595.8,22.65,0.7,short_jobs,SRTF
11,314.72727272727275,135.31894982528567,106,500,394,19.46708467242621,12.869594312905784,3.513948927170051,4.008654202867735,0.09559594471337855,1520.0,1834.73,1520.0,0.515828059282968,1238.64,1553.37,1238.64,0.290268566176793,1161.44,1476.17,1067.99,0.2097129654906086,2324.37,2639.09,18.09,0.7,long_jobs,SRTF
12,203.58333333333334,183.5708722851072,12,439,427,26.13534899357391,16.82543307837786,4.99781524058669,4.542651173711693,0.0807769516102861,1054.26,1257.84,1054.26,0.9565907271271563,540.26,743.84,540.26,0.15280457136012932,538.78,742.36,537.78,0.15020012761761126,1088.34,1291.92,19.92,0.7,bimodal,SRTF
8,250.25,110.98358952051039,57,384,327,102.94250046826659,47.40773155779245,22.68581180914187,16.834657736184212,0.6455855072788599,679.27,929.52,679.27,0.4300835130232399,604.89,855.14,604.89,0.3076210340331154,570.68,820.93,496.06,0.21782831001076428,1155.02,1405.27,10.39,0.7,staggered,SRTF
10,222.6,110.90656728375768,32,380,348,39.197648246941576,34.31572091896364,11.587961164056988,17.77914030811409,-0.18133507203373278,1006.49,1229.09,1006.49,0.6307049816048522,710.79,933.39,710.79,0.24706580612541043,673.9,896.5,602.5,0.17756642085059096,1377.89,1600.49,16.59,0.7,bursty,SRTF
12,185.75,103.41981962326705,46,302,256,55.0,36.05551275463989,10.0,0.0,0.9719045854719947,634.42,820.17,634.42,0.3,634.42,820.17,634.42,0.3,634.42,820.17,634.42,0.3,1258.42,1444.17,19.33,0.7,arrival_ordered,FCFS
15,216.93333333333334,112.5785228608184,13,392,379,70.0,44.721359549995796,10.0,0.0,-0.9834674136857362,1910.67,2127.6,1910.67,0.8609167446211412,1161.47,1378.4,1161.47,0.25112105706133586,1054.07,1271.0,544.6,0.08264252414517335,2123.07,2340.0,25.2,0.7,reverse_order,SRTF
8,164.375,95.19594454147118,22,289,267,18.88615001406739,19.82532791620803,5.991366385365278,10.067773886531777,0.03308557495511478,616.3,780.68,616.3,0.7889409613804828,463.43,627.8,463.43,0.4216758124995511,359.74,524.11,230.36,0.10830794701986755,727.05,891.43,12.3,0.7,mixed,SRTF
11,109.81818181818181,55.55145035337634,13,174,161,17.07873166704461,8.945075659322546,2.8120265816880528,2.322130999510247,0.6525321731553955,428.38,538.2,428.38,0.4063259945297479,372.29,482.11,372.29,0.25902150354333586,372.56,482.38,368.74,0.25693974843728973,741.56,851.38,17.75,0.7,short_jobs,SRTF
15,304.46666666666664,142.45644280002955,64,500,436,17.54640207940956,9.183726821089497,2.1094796468849095,1.6089411849447464,0.468972794582481,1893.74,2198.21,1893.74,0.4654076987935366,1537.54,1842.01,1537.54,0.24471672199721092,1533.32,1837.79,1529.05,0.24141620214936305,3058.61,3363.07,26.21,0.7,long_jobs,SRTF
8,182.75,181.45424452776754,14,447,433,28.139174295011035,19.388234082770747,8.402656345965978,4.811271032201412,0.05748681472597223,588.02,770.77,588.02,1.0,252.02,434.77,252.02,0.12769603410520583,250.74,433.49,246.36,0.12209223612726296,511.77,694.52,11.89,0.5417486954459203,bimodal,SRTF
12,176.91666666666666,129.18025343986548,13,363,350,218.84818882832676,116.53385962249921,33.1629861534879,10.411401493100954,0.4448036101214507,592.72,769.64,592.72,0.6016375373956857,416.22,593.14,416.22,0.23181422922965242,401.15,578.07,393.4,0.1962019164004999,845.72,1022.64,16.64,0.7,staggered,SRTF
15,200.73333333333332,109.79101359704566,17,333,316,48.74131123271806,37.64179632225306,7.5555819864525935,15.935767710681317,0.006473467210271344,1360.15,1560.88,1360.15,0.6221081018445365,952.95,1153.68,952.95,0.23026256848091642,923.33,1124.06,902.33,0.19703657613218084,1872.62,2073.35,26.22,0.7,bursty,SRTF
15,165.06666666666666,110.78387367603042,17,361,344,70.0,44.721359549995796,10.0,0.0,0.9826752131302667,631.07,796.13,631.07,0.3,631.07,796.13,631.07,0.3,631.07,796.13,631.07,0.3,1248.13,1413.2,21.2,0.7,arrival_ordered,FCFS
15,238.33333333333334,129.02805158273955,22,399,377,70.0,44.721359549995796,10.0,0.0,-0.953278834856617,2111.73,2350.07,2111.73,0.8754381246473815,1245.6,1483.93,1245.6,0.23205713238527043,1151.13,1389.47,292.07,0.03837040445140975,2319.67,2558.0,25.2,0.7,reverse_order,SRTF
12,216.75,109.55955209175261,60,366,306,24.03172460712926,13.058312887414386,4.311787930065285,3.9382500464636863,-0.036857414046903035,1230.67,1447.42,1230.67,0.6443623765472941,825.17,1041.92,825.17,0.20244348707242193,821.72,1038.47,816.72,0.1974448968131405,1653.01,1869.76,19.76,0.7,mixed,SRTF
13,96.61538461538461,55.990383789746225,5,179,174,16.285252159812803,7.327392257598261,1.9564478423245237,2.157511727470537,-0.0870190323476652,601.12,697.73,601.12,0.7204960198767527,398.12,494.73,398.12,0.2387390210907585,374.41,471.02,338.79,0.1640049076362128,751.81,848.43,22.43,0.7,short_jobs,SRTF
13,265.38461538461536,179.97293243778745,50,500,450,19.670599442745548,10.527158839049072,2.7124287184226374,1.69877248406585,0.2672547993272308,1359.81,1625.19,1359.81,0.6055113231078203,1131.19,1396.58,1131.19,0.3853660759536117,946.25,1211.64,794.64,0.17328784527083582,1893.81,2159.19,21.73,0.7,long_jobs,SRTF
9,177.11111111111111,181.13423506093793,14,413,399,33.42014859324365,19.963268361331657,6.811139807760664,6.0866931886173665,0.0026087283324853438,669.41,846.53,669.41,1.0,283.75,460.86,283.75,0.12824205280285705,281.02,458.14,274.02,0.11887215978499877,567.53,744.64,14.53,0.5163727181441335,bimodal,SRTF
14,237.07142857142858,117.57777412008174,25,360,335,234.08889022095894,132.05703646125414,30.131375248842627,13.562369740602865,0.33764098804083464,1208.29,1445.36,1208.29,0.48854563650516053,960.36,1197.43,960.36,0.2504063082029576,941.84,1178.91,937.84,0.2316060996889462,1931.07,2168.14,22.0,0.7,staggered,SRTF
9,270.6666666666667,112.59884546477376,32,384,352,31.97157542712419,44.726687219588015,13.093957693006752,20.382853619029834,0.1449821828775257,1097.21,1367.87,1097.21,0.5511697856908953,882.98,1153.65,882.98,0.3099148126950557,801.36,1072.03,686.92,0.1862769554853373,1625.87,1896.54,14.87,0.7,bursty,SRTF
15,216.13333333333333,123.62782087878965,25,384,359,70.0,44.721359549995796,10.0,0.0,0.9774782197950339,938.53,1154.67,938.53,0.3,938.53,1154.67,938.53,0.3,938.53,1154.67,938.53,0.3,1861.2,2077.33,23.2,0.7,arrival_ordered,FCFS
8,265.625,98.4971899526653,115,380,265,35.0,24.49489742783178,10.0,0.0,-0.9784619966108972,1101.25,1366.88,1101.25,0.6640866574965613,802.5,1068.12,802.5,0.2950429954081816,723.12,988.75,0.0,0.0,1450.12,1715.75,11.5,0.7031328036322361,reverse_order,SRTF
15,186.33333333333334,136.16306750503585,13,380,367,24.519738096678463,13.102316879176493,3.377483447303049,3.213102077803029,-0.45999574881858746,1548.17,1734.5,1548.17,1.0,867.37,1053.7,867.37,0.2758694558748603,740.35,926.68,665.48,0.12600693851268774,1497.23,1683.57,26.23,0.6558626921839024,mixed,SRTF
9,97.66666666666667,49.73932046178355,5,166,161,15.893650127568261,8.45469162169637,2.98876715731079,2.6109311099802786,0.10233403788454792,386.07,483.74,386.07,0.6123716630776961,278.74,376.41,278.74,0.24770697384022203,265.55,363.22,250.11,0.19045201837080009,535.63,633.29,13.74,0.7,short_jobs,SRTF
10,271.7,183.82482603464274,50,500,450,18.55258286034626,10.70818370732326,3.20751783036828,3.0884880611377046,0.6704989080735072,903.15,1174.85,903.15,0.4835889570552147,715.05,986.75,715.05,0.23638823131552245,716.05,987.75,716.05,0.23770242975114017,1432.25,1703.95,16.05,0.7,long_jobs,SJF
10,204.2,187.82959179947008,13,415,402,25.12139743822083,22.67111745307505,6.148586999291538,5.15354245439623,0.11408820327114332,815.51,1019.71,815.51,0.8951013137385884,433.71,637.91,433.71,0.15675337668834416,434.18,638.38,432.88,0.15717454724913116,882.81,1087.01,15.91,0.7,bimodal,SJF
14,184.85714285714286,113.3950596826844,32,372,340,204.7048097025797,124.82476503406039,30.26889183245407,13.387313498880342,0.5973616197257445,736.12,920.98,736.12,0.4413277900568815,661.12,845.98,661.12,0.32615430816361085,609.58,794.44,521.51,0.210124797587805,1236.34,1421.19,19.76,0.7,staggered,SRTF
14,240.35714285714286,122.71706491754937,15,388,373,56.38375242974077,40.60907987397089,8.278549392458627,15.628824295126822,-0.15707745377690877,1538.09,1778.45,1538.09,0.6059061350450398,1078.23,1318.59,1078.23,0.21853542993655234,1063.26,1303.62,1040.62,0.20143969462624076,2149.81,2390.16,23.88,0.7,bursty,SRTF
12,180.83333333333334,143.96453687901018,18,391,373,55.0,36.05551275463989,10.0,0.0,0.9646595003829656,480.58,661.42,480.58,0.3,480.58,661.42,480.58,0.3,480.58,661.42,480.58,0.3,955.25,1136.08,15.25,0.7,arrival_ordered,FCFS
15,207.4,111.81732551672968,20,390,370,70.0,44.721359549995796,10.0,0.0,-0.9894481792744311,1843.6,2051.0,1843.6,0.9003565474157846,1102.6,1310.0,1102.6,0.25714524684292167,989.67,1197.07,285.4,0.042927848658161016,1985.33,2192.73,25.2,0.7,reverse_order,SRTF
9,287.6666666666667,91.61468222943307,84,380,296,22.504032010583288,11.98614381094016,5.033335539104754,3.8083671828202696,0.4912830786763492,1020.84,1308.51,1020.84,0.3635175588244761,962.51,1250.17,962.51,0.30232356843431757,936.27,1223.94,904.05,0.26519895111146424,1868.28,2155.95,14.06,0.7,mixed,SRTF
9,63.22222222222222,61.28168114897342,5,170,165,16.334837840068154,7.928233710885639,2.4920377937748768,1.5513740461952161,0.01471014926493416,253.73,316.95,253.73,1.0,208.28,271.51,208.28,0.7320127234395034,103.33,166.55,52.89,0.05045765168772002,214.39,277.62,12.28,0.5169215425531914,short_jobs,SRTF
14,396.0,123.15780995879292,127,500,373,24.806482104853764,10.670318309183424,2.7297123253128444,1.7894262719116076,-0.1334614012606479,2625.72,3021.72,2625.72,0.46741156584638044,2136.72,2532.72,2136.72,0.2494017214071892,2119.19,2515.19,2040.19,0.23247598436244682,4237.15,4633.15,24.29,0.7,long_jobs,SRTF
10,193.6,174.2534552502953,17,429,412,33.470201543354776,10.291024263232401,3.1763787718459193,2.721593077765135,0.15539765560540414,792.61,986.21,792.61,0.9267600934267601,417.01,610.61,417.01,0.1550768241636762,416.93,610.53,415.23,0.15425592173017508,836.51,1030.11,15.81,0.7,bimodal,SRTF
12,153.16666666666666,115.87833222301691,15,377,362,167.989706779757,109.09531669287594,31.49379550651884,11.943340535948709,0.19948479480725426,588.25,741.42,588.25,0.7535631478026168,354.25,507.42,354.25,0.19638504888357425,343.93,497.09,335.34,0.16729689549628332,721.0,874.17,16.5,0.7,staggered,SRTF
11,183.0909090909091,89.62751200993426,76,342,266,69.1506760608943,45.473054252494286,10.584130317619152,17.380128330724794,-0.17173010338057793,880.91,1064.0,880.91,0.5917036925420867,640.91,824.0,640.91,0.24727163337472993,612.67,795.76,484.58,0.16221158637633123,1256.36,1439.46,18.0,0.7,bursty,SRTF
13,239.92307692307693,121.91011821451458,19,381,362,60.0,38.94440481849308,10.0,0.0,0.9764342183841627,951.62,1191.54,951.62,0.3,951.62,1191.54,951.62,0.3,951.62,1191.54,951.62,0.3,1889.46,2129.38,19.23,0.7,arrival_ordered,FCFS
9,202.22222222222223,100.05595656653553,27,346,319,40.0,27.386127875258307,10.0,0.0,-0.9789627130831675,1007.33,1209.56,1007.33,0.8334099941842827,674.22,876.44,674.22,0.3261661634575317,570.44,772.67,53.44,0.0121056338028169,1143.78,1346.0,13.33,0.7,reverse_order,SRTF
9,180.22222222222223,127.53213102761376,31,388,357,24.302415856323236,14.565869213408888,6.117072356751006,4.07318188697674,0.21334335816585065,650.64,830.86,650.64,0.7419557967046642,396.97,577.19,396.97,0.18044960412215663,397.36,577.59,397.36,0.1813203476526441,798.75,978.97,14.08,0.7,mixed,SJF
14,99.5,53.640900009658246,18,179,161,13.476597780917091,7.970464421179692,2.054302434662067,1.1883073346942918,0.2615834164509112,583.68,683.18,583.68,0.5529292411026634,428.75,528.25,428.75,0.2169068220823799,429.52,529.02,427.31,0.2173915657695139,857.53,957.03,24.32,0.7,short_jobs,SJF
9,269.55555555555554,173.23041816545322,90,500,410,17.380422645657475,11.87605554741524,3.756496416535212,3.3144181339254897,0.7222793133326908,769.79,1039.34,769.79,0.40822181290896176,666.79,936.34,666.79,0.25912103612959553,667.06,936.62,667.06,0.25951638577543934,1333.01,1602.57,13.9,0.7,long_jobs,SJF
12,200.5,181.8818297686715,11,431,420,31.41935106278601,22.276902138675386,5.138862933957889,3.7313598678265616,0.09260464701455161,990.76,1191.26,990.76,0.9113759076522063,522.18,722.68,522.18,0.15618952871761863,521.66,722.16,520.58,0.1550184498052235,1058.76,1259.26,17.85,0.7,bimodal,SRTF
15,223.0,103.23274674249446,26,374,348,180.187710650019,106.659815846811,24.99924721123865,11.223343311355093,-0.26594734789603725,1507.64,1730.64,1507.64,0.6070327858456466,1030.84,1253.84,1030.84,0.20817976673990646,1023.48,1246.48,1021.75,0.20167288376830558,2127.31,2350.31,25.17,0.7,staggered,SRTF
14,159.0,92.51527940333382,26,333,307,68.77792731687724,40.41598095618826,7.90567845047915,15.06225517223682,-0.14508979003642777,959.75,1118.75,959.75,0.6309402597402597,709.97,868.97,709.97,0.2912972541926495,641.22,800.22,433.72,0.1312455888957803,1314.97,1473.97,24.61,0.7,bursty,SRTF
10,172.3,144.4568755334577,13,372,359,45.0,30.276503540974915,10.0,0.0,0.9693151745868724,348.8,521.1,348.8,0.3,348.8,521.1,348.8,0.3,348.8,521.1,348.8,0.3,691.2,863.5,10.6,0.7,arrival_ordered,FCFS
13,244.6153846153846,110.28262061746814,85,357,272,60.0,38.94440481849308,10.0,0.0,-0.9474435197633425,1783.31,2027.92,1783.31,0.741516919063836,1144.46,1389.08,1144.46,0.2277147077773254,1086.92,1331.54,857.31,0.14234540997003542,2191.0,2435.62,21.23,0.7,reverse_order,SRTF
8,261.875,138.2559091994676,65,396,331,23.8553780075236,13.566676737231546,6.208987504940396,4.187028718430175,-0.04684334707678552,932.6,1194.47,932.6,0.6602322787344814,611.35,873.22,611.35,0.19538670284938942,611.64,873.52,611.64,0.1958111357509608,1235.6,1497.47,11.35,0.7,mixed,SJF
8,69.25,65.68702850857021,5,174,169,17.351541670983003,8.424180824837295,3.260417265347532,3.1526348110331033,0.01289260123041647,241.37,310.62,241.37,1.0,123.0,192.25,123.0,0.2458769807485875,103.15,172.4,100.27,0.11565194669453878,209.87,279.12,11.75,0.5404717117638547,short_jobs,SRTF
15,370.8666666666667,150.88731209873464,85,500,415,17.303037002292204,10.140340771199622,2.2307093272457226,1.9147900393656236,0.004410527684675402,2597.46,2968.32,2597.46,0.5112380675437189,2065.19,2436.06,2065.19,0.26234294148960585,1995.56,2366.43,1898.5,0.21846010265982269,3990.12,4360.99,25.86,0.7,long_jobs,SRTF
11,194.1818181818182,189.9593736470081,22,437,415,24.306321741531153,15.578062091952054,5.3669331009620596,5.505483611838213,-0.06490994609581548,971.23,1165.41,971.23,1.0,435.78,629.96,435.78,0.13486423649560877,433.15,627.33,424.15,0.12778174186778593,879.69,1073.87,18.23,0.5809136187927445,bimodal,SRTF
11,150.27272727272728,114.76679912683015,17,391,374,86.1292180311014,55.281421405829455,16.681292086026396,7.831671564801648,-0.40352057991706214,794.51,944.78,794.51,1.0,387.69,537.96,387.69,0.17091357670793125,370.69,520.96,336.14,0.12292061039211899,786.15,936.42,17.96,0.6861922514274927,staggered,SRTF
11,235.36363636363637,97.2936511055811,86,361,275,37.07221669917575,34.541941454173774,10.115574377279387,16.893317591645072,-0.3130053285496273,1183.63,1418.99,1183.63,0.5464779163611996,923.9,1159.27,923.9,0.2771468102169552,867.47,1102.84,729.93,0.18323152946021068,1765.36,2000.72,17.99,0.7,bursty,SRTF
8,286.375,62.183915007936626,200,367,167,35.0,24.49489742783178,10.0,0.0,0.9758663845866018,837.25,1123.62,837.25,0.3,837.25,1123.62,837.25,0.3,837.25,1123.62,837.25,0.3,1666.75,1953.12,11.5,0.7,arrival_ordered,FCFS
11,218.27272727272728,108.48418401692562,84,387,303,50.0,33.166247903554,10.0,0.0,-0.9838762852645467,1363.18,1581.45,1363.18,0.840023065061615,888.27,1106.55,888.27,0.30340215857556724,767.82,986.09,101.91,0.018866046020907787,1539.55,1757.82,17.27,0.7,reverse_order,SRTF
10,242.4,137.75033776929752,41,399,358,29.64060499946524,16.344487692329654,5.219266448318161,3.667866587371255,-0.1447160491770579,1127.14,1369.54,1127.14,0.7081475532415742,813.04,1055.44,813.04,0.3188559796203218,706.06,948.46,611.76,0.16079589448095793,1428.24,1670.64,16.44,0.7,mixed,SRTF
9,60.111111111111114,45.012343985968016,8,133,125,12.069987127625408,11.090687632425496,3.719651401529101,2.376943726798297,0.31424451240053275,183.93,244.04,183.93,0.6275995393221454,137.15,197.27,137.15,0.2754707993955314,127.04,187.15,121.49,0.18951931583603657,248.6,308.71,14.38,0.7,short_jobs,SRTF
8,304.625,109.25322813145091,184,456,272,18.9316293461589,9.430067114211553,3.641665493721661,3.26221726418233,0.5152149962977528,949.59,1254.22,949.59,0.39239379767789057,846.84,1151.47,846.84,0.27329622614274945,839.44,1144.07,705.44,0.221798594947791,1673.97,1978.59,12.97,0.7,long_jobs,SRTF
15,190.13333333333333,174.63262118216167,16,448,432,31.509844720620524,22.21203887858557,4.105648369593064,4.262550234184353,-0.054311595416677454,1343.33,1533.47,1343.33,1.0,628.0,818.13,628.0,0.13706209284315066,628.09,818.22,627.02,0.13692693910088263,1271.13,1461.27,26.27,0.6293477175472544,bimodal,SRTF
13,216.84615384615384,109.19084680338835,19,355,336,167.26988274518828,105.32268716803651,27.732146575657808,10.549946017488004,0.4437554701316058,986.16,1203.01,986.16,0.45503052608963124,806.7,1023.55,806.7,0.2501704859732263,799.81,1016.65,783.5,0.23725178549312637,1641.24,1858.09,17.24,0.7,staggered,SRTF
13,275.53846153846155,112.77825986171226,29,400,371,54.610751168946486,45.82703999214694,8.843161330790275,16.714684874542748,-0.39333285876536317,1781.8,2057.34,1781.8,0.5923429755981544,1349.41,1624.95,1349.41,0.2850242070897682,1240.7,1516.24,751.16,0.12430775350171888,2536.34,2811.87,21.95,0.7,bursty,SRTF
8,239.0,104.6627236139291,54,350,296,35.0,24.49489742783178,10.0,0.0,0.9612213358622868,585.88,824.88,585.88,0.3,585.88,824.88,585.88,0.3,585.88,824.88,585.88,0.3,1167.38,1406.38,11.5,0.7,arrival_ordered,FCFS
15,230.73333333333332,108.8790066782302,25,362,337,70.0,44.721359549995796,10.0,0.0,-0.9796235820000934,1990.33,2221.07,1990.33,0.7903539127963013,1231.2,1461.93,1231.2,0.2221619654657556,1167.33,1398.07,725.8,0.10695475617389179,2342.2,2572.93,25.2,0.7,reverse_order,SRTF
8,178.5,131.12153577066255,13,369,356,20.148534804142773,15.158465037632489,4.9636590811172345,5.752234760970459,-0.15128429055170994,626.83,805.33,626.83,0.86049027702645,369.7,548.2,369.7,0.22239765413515145,345.6,524.1,314.85,0.1475667752442997,696.83,875.33,12.83,0.7,mixed,SRTF
14,90.42857142857143,55.213869893093246,7,175,168,15.881035709624614,8.011294067274704,1.9767411926406118,1.3199337696718123,0.18137320988523076,523.01,613.44,523.01,0.5984744323628495,403.65,494.08,403.65,0.2978742899509956,367.33,457.76,330.4,0.18420240480961922,732.44,822.87,24.01,0.7,short_jobs,SRTF
14,325.7142857142857,147.796340420723,55,500,445,17.386315877490137,12.754489504345429,3.0165526057653818,2.1800489332045156,0.0056900591276109035,2073.96,2399.67,2073.96,0.5416230762864104,1634.17,1959.88,1634.17,0.27831684190754963,1539.83,1865.54,1413.26,0.2033121951219512,3087.24,3412.96,23.96,0.7,long_jobs,SRTF
10,185.5,163.52726582031104,25,407,382,28.68006499487611,16.621689582341943,5.260088045955304,3.7776111020407472,0.2816447335942321,670.47,855.97,670.47,0.776334453154162,397.17,582.67,397.17,0.17506660531505372,397.02,582.52,394.52,0.17359138799816767,798.87,984.37,15.57,0.7,bimodal,SRTF
9,194.22222222222223,119.63462895184004,36,361,325,128.41308415834385,70.75367609788114,25.919195245690844,9.88968159121271,-0.15966556679566463,718.25,912.47,718.25,0.7506072874493928,469.92,664.14,469.92,0.26843766203803937,420.92,615.14,386.59,0.1586676136363636,882.81,1077.03,14.25,0.7,staggered,SRTF
12,212.91666666666666,107.80155027838998,45,360,315,58.78839557959045,44.74256924938232,9.614235582332343,17.2975530009776,0.1125551198338063,1125.68,1338.6,1125.68,0.6160827411104335,907.51,1120.43,907.51,0.36678105214586776,762.88,975.79,732.46,0.1932511673363014,1566.35,1779.26,20.6,0.7,bursty,SRTF
10,208.4,124.29284416695562,25,388,363,45.0,30.276503540974915,10.0,0.0,0.9959143410227247,555.5,763.9,555.5,0.3,555.5,763.9,555.5,0.3,555.5,763.9,555.5,0.3,1103.1,1311.5,13.9,0.7,arrival_ordered,FCFS
15,250.93333333333334,95.15961528375564,57,381,324,70.0,44.721359549995796,10.0,0.0,-0.9738274527162833,2073.33,2324.27,2073.33,0.658704499623568,1429.8,1680.73,1429.8,0.2374764753687816,1367.33,1618.27,664.0,0.09356827935726734,2745.07,2996.0,25.2,0.7,reverse_order,SRTF
14,185.35714285714286,134.78621656469247,17,380,363,26.482460887498714,17.059708384196608,3.527337334627757,2.38964142894271,0.15292259250323828,1091.18,1276.53,1091.18,0.73157168645523,702.11,887.46,702.11,0.22247199252446065,671.09,856.45,646.8,0.1750571696344892,1352.46,1537.82,24.18,0.7,mixed,SRTF
15,91.26666666666667,47.95305243772536,5,166,161,13.29997246287701,7.364418289413915,1.667597915946693,2.0338884000865582,0.444446314946697,565.35,656.62,565.35,0.5103277334067751,462.68,553.95,462.68,0.2882611343726309,434.43,525.7,410.57,0.21388353115727002,870.15,961.42,26.15,0.7,short_jobs,SRTF
10,269.8,187.318979284001,50,500,450,18.269134754613756,12.460061079441799,3.758357932163254,3.1796665708785845,0.1619531999289442,1099.26,1369.06,1099.26,0.680189204229271,708.86,978.66,708.86,0.19187592319054653,708.93,978.73,708.93,0.19196347936286387,1427.66,1697.46,16.06,0.7,long_jobs,SJF
10,163.0,146.45135711218248,11,369,358,30.19515387317943,18.72553371785865,5.717399121589981,4.131014910305229,0.21206127437144476,614.05,777.05,614.05,0.8922595078299775,332.25,495.25,332.25,0.16319723155913402,330.4,493.4,330.4,0.15841098169717135,665.65,828.65,13.05,0.7,bimodal,SRTF
8,268.375,118.12092774537699,90,376,286,103.12676421545859,75.85279308568181,27.14285791999395,18.357305667570706,0.11031744032419702,837.3,1105.68,837.3,0.5037861648412567,729.43,997.8,729.43,0.35142225382845727,643.0,911.37,396.0,0.13952727272727272,1310.43,1578.8,12.3,0.7,staggered,SRTF
9,167.77777777777777,136.16972660780533,26,365,339,34.02210420488562,43.43414157873688,13.338224952991824,18.804996704890094,-0.0882070390661857,702.38,870.16,702.38,1.0,515.71,683.49,515.71,0.5670967684496917,330.64,498.42,196.2,0.07928197674418605,683.82,851.6,14.38,0.6650508419863347,bursty,SRTF
13,180.30769230769232,129.42976513369752,26,392,366,60.0,38.94440481849308,10.0,0.0,0.9736011410487398,568.85,749.15,568.85,0.3,568.85,749.15,568.85,0.3,568.85,749.15,568.85,0.3,1125.15,1305.46,19.08,0.7,arrival_ordered,FCFS
13,240.0,129.37864326593217,26,399,373,60.0,38.94440481849308,10.0,0.0,-0.9637316201930424,1828.23,2068.23,1828.23,0.8885486619224217,1090.77,1330.77,1090.77,0.24870274592270575,989.38,1229.38,585.85,0.0937387935805202,1987.08,2227.08,21.23,0.7,reverse_order,SRTF
8,165.75,136.94289738010198,29,398,369,22.430992149934596,17.83763250400209,6.280873780070168,3.786478201896748,-0.1212668482167729,630.95,796.7,630.95,1.0,385.45,551.2,385.45,0.389050269577896,281.57,447.32,233.07,0.10701050929668553,577.2,742.95,12.45,0.5923092334993417,mixed,SRTF
9,67.22222222222223,37.113938681369355,22,133,111,11.495326443899344,7.377950827359868,2.523998974542074,1.3169498516541647,-0.4621360637959113,294.64,361.87,294.64,0.751832052567101,188.64,255.87,188.64,0.22543415143719409,178.73,245.95,128.39,0.12243938908469505,358.31,425.53,13.75,0.7,short_jobs,SRTF
12,323.1666666666667,154.70901327291435,50,500,450,20.499292154549412,15.226344262428654,3.3751940900656083,3.41538324226128,0.10644033935930282,1712.9,2036.06,1712.9,0.548453820182964,1321.23,1644.4,1321.23,0.2622407593042365,1264.0,1587.17,1213.58,0.21148116413059534,2528.73,2851.9,20.65,0.7,long_jobs,SRTF
9,184.77777777777777,178.04127174462792,20,417,397,34.785378592285184,15.261920067491248,5.046488060064902,5.390940757879004,0.002530936885556909,727.78,912.55,727.78,1.0,318.55,503.33,318.55,0.12778689559399067,319.21,503.99,319.21,0.12919359961711005,647.0,831.78,14.89,0.5618293083926289,bimodal,SJF
9,191.33333333333334,117.96503719322942,44,377,333,91.03416838409265,58.50738772562474,20.926026982357808,11.718611800939746,0.06291039862859092,648.68,840.01,648.68,0.6444417373585241,501.68,693.01,501.68,0.3470327384475723,426.52,617.85,364.41,0.16560608925869894,878.01,1069.34,14.12,0.7,staggered,SRTF
13,247.3846153846154,127.34830090578258,32,396,364,54.288744940643035,46.481258296867765,9.11170727640215,15.807600724826779,-0.03177833944040301,1430.93,1678.32,1430.93,0.6029258202142154,1002.93,1250.32,1002.93,0.21379520892632817,995.79,1243.17,983.87,0.20476129609509808,2001.32,2248.7,22.7,0.7,bursty,SRTF
14,182.42857142857142,126.21514860056908,17,371,354,65.0,41.83300132670378,10.0,0.0,0.9796114331237472,640.5,822.93,640.5,0.3,640.5,822.93,640.5,0.3,640.5,822.93,640.5,0.3,1270.5,1452.93,20.93,0.7,arrival_ordered,FCFS
13,185.07692307692307,138.67615845226217,18,400,382,60.0,38.94440481849308,10.0,0.0,-0.9867620289429222,1542.38,1727.46,1542.38,1.0,773.46,958.54,773.46,0.2666134493471606,617.15,802.23,157.08,0.026792229563159454,1242.69,1427.77,21.23,0.4732639451811982,reverse_order,SRTF
8,255.625,131.56197616115597,55,399,344,26.032068068601607,17.075914430476484,5.853581978362824,4.211977448671938,-0.22529267932411554,948.85,1204.48,948.85,0.6757591353576944,717.1,972.73,717.1,0.34059706919906,615.09,870.72,447.47,0.13936478101605135,1236.85,1492.48,12.48,0.7,mixed,SRTF
11,98.36363636363636,57.998746067949995,8,166,158,12.948772602091966,8.40239428384846,2.3586034169983123,1.7026783058075718,0.23013199255765784,452.42,550.79,452.42,0.6163641638995454,324.33,422.7,324.33,0.23880107719689242,312.23,410.6,306.51,0.1991823667603298,622.42,720.79,18.24,0.7,short_jobs,SRTF
13,282.6923076923077,175.49709618461148,58,500,442,21.729715387772913,8.563288508817509,2.920416369236426,3.142555465127996,-0.06626102286061633,1829.72,2112.42,1829.72,0.8011967027517615,1064.49,1347.18,1064.49,0.17299368202086812,1064.65,1347.35,1060.19,0.17238760519410326,2133.26,2415.95,22.18,0.7,long_jobs,SRTF
9,165.77777777777777,176.24186348437323,11,449,438,31.983324558078657,19.762472605555843,6.547004982108034,5.774713760572778,-0.16391017347581593,713.74,879.52,713.74,1.0,246.63,412.41,246.63,0.10773955813474873,241.02,406.79,235.13,0.09448801992385424,500.63,666.41,15.08,0.3844312752179805,bimodal,SRTF
8,191.5,83.09375083946703,97,357,260,92.24017973821948,73.22405817958538,28.901015427799603,12.452622592088504,0.40210864342847946,524.61,716.11,524.61,0.44490660504525326,427.86,619.36,427.86,0.24336585365853658,428.01,619.51,428.01,0.24367831993975625,895.23,1086.73,12.11,0.7,staggered,SJF
8,254.25,91.33572294406109,90,357,267,47.45252033014478,41.419719454364646,14.772122967242336,19.546244891927657,-0.6829173693439168,974.93,1229.18,974.93,0.5838851846059796,758.31,1012.56,758.31,0.3007996830508026,689.67,943.92,309.05,0.09247885977852112,1393.06,1647.31,12.31,0.7,bursty,SRTF
15,161.46666666666667,129.01875094434178,10,380,370,70.0,44.721359549995796,10.0,0.0,0.9633749731026154,541.47,702.93,541.47,0.3,541.47,702.93,541.47,0.3,541.47,702.93,541.47,0.3,1069.47,1230.93,18.73,0.7,arrival_ordered,FCFS
12,262.25,118.73586040221609,31,393,362,55.0,36.05551275463989,10.0,0.0,-0.9620549307304364,1764.92,2027.17,1764.92,0.7587037643207857,1140.58,1402.83,1140.58,0.2426704295338632,1064.25,1326.5,564.58,0.09370757165199158,2133.5,2395.75,19.33,0.7,reverse_order,SRTF
10,239.6,119.96499489434407,78,388,310,20.683357363228318,14.690572061966776,4.236986282357209,3.1100513847799776,0.06590848764675984,1003.86,1243.46,1003.86,0.5411514426273102,744.76,984.36,744.76,0.22133387308976823,744.92,984.52,737.12,0.2191631861782522,1496.86,1736.46,15.76,0.7,mixed,SRTF
14,94.21428571428571,52.10371103190927,13,161,148,14.468116647834131,4.427840984771582,0.8754117681900323,1.0328867500197332,-0.08490424093837283,628.4,722.62,628.4,0.6729119968813955,419.54,513.76,419.54,0.21291578224952618,409.75,503.96,402.75,0.18786834738533403,820.19,914.4,24.69,0.7,short_jobs,SRTF
8,292.625,149.22460300787247,50,500,450,17.275158020516592,12.776214934609678,4.893716586320657,4.806846393183355,-0.4279608127905883,1163.55,1456.18,1163.55,0.7547994954462893,779.93,1072.55,779.93,0.27726386581628293,701.47,994.1,564.72,0.14396935824278906,1412.68,1705.3,12.18,0.7,long_jobs,SRTF
13,185.76923076923077,173.12045606366775,10,438,428,29.807518827977695,21.54504613399478,4.728829242045919,5.908347261224079,0.10671126392517392,1048.82,1234.59,1048.82,1.0,512.12,697.89,512.12,0.14547469858077497,510.65,696.42,509.04,0.14266490483176744,1033.59,1219.35,19.59,0.6801847000018582,bimodal,SRTF
10,165.2,113.40762271068418,13,348,335,160.8601930556208,67.56649794435889,22.72641246563453,11.380024753681885,-0.07768369404703962,633.45,798.65,633.45,0.7351182352795216,426.05,591.25,426.05,0.27403624757733713,382.94,548.14,280.34,0.1283095623987034,785.95,951.15,16.45,0.7,staggered,SRTF
15,173.33333333333334,99.12954487269003,28,327,299,48.5163438602501,42.462885152016334,7.736011781722356,14.764281952169977,-0.3548155515280468,1257.43,1430.76,1257.43,0.725984947505341,771.76,945.09,771.76,0.18380731537212971,769.28,942.62,764.95,0.17998732809669635,1571.43,1744.76,26.36,0.7,bursty,SRTF
11,218.0,118.22774632039638,18,380,362,50.0,33.166247903554,10.0,0.0,0.9859300328526519,688.55,906.55,688.55,0.3,688.55,906.55,688.55,0.3,688.55,906.55,688.55,0.3,1367.82,1585.82,14.73,0.7,arrival_ordered,FCFS
11,202.27272727272728,117.21185171226578,18,363,345,50.0,33.166247903554,10.0,0.0,-0.9854719844482557,1309.64,1511.91,1309.64,0.9787734629272495,773.82,976.09,773.82,0.2932874400875515,661.45,863.73,165.73,0.03446226699784117,1329.91,1532.18,17.27,0.7,reverse_order,SRTF
12,222.5,137.12270549998772,10,390,380,24.620041851718256,13.680836730533843,3.8115315499702436,2.728952745547228,0.19751936101071094,1142.07,1364.57,1142.07,0.6510144660219757,840.48,1062.98,840.48,0.2922609412875493,761.46,983.96,708.96,0.18423026890247166,1520.48,1742.98,19.73,0.7,mixed,SRTF
13,74.84615384615384,40.85716206869601,9,155,146,17.400837387521264,11.108852493377189,2.460375149856696,2.968052148060839,0.09324704028388231,428.34,503.19,428.34,0.6161033566260401,302.8,377.65,302.8,0.2274844146871468,294.45,369.29,253.29,0.17138448727682398,590.95,665.8,20.03,0.7,short_jobs,SRTF
8,378.75,157.904808576017,66,500,434,19.896135627783515,8.464646637742689,3.802901566832965,5.453734398143082,0.25378262189348244,1203.53,1582.28,1203.53,0.4220573929961089,1024.28,1403.03,1024.28,0.25484431680773884,1025.23,1403.98,1025.23,0.25573052279032715,2052.28,2431.03,12.65,0.7,long_jobs,SJF
13,173.30769230769232,173.25385258601736,13,430,417,33.26187538871776,16.031029525872246,4.267422889783294,4.099212620548575,-0.07359304017318065,1039.81,1213.12,1039.81,1.0,441.19,614.5,441.19,0.12356339342732231,442.05,615.35,442.05,0.12481750368366609,906.19,1079.5,21.96,0.5437506264408141,bimodal,SJF
11,234.1818181818182,100.99684963583584,69,395,326,207.56678018886998,120.20602547810631,37.29545592221272,9.759625044708443,0.024963014089131583,986.27,1220.45,986.27,0.5160044497110106,857.09,1091.27,857.09,0.36663349119205235,731.07,965.25,532.8,0.1594748422150833,1558.09,1792.27,18.18,0.7,staggered,SRTF
11,216.54545454545453,145.64914255591322,11,384,373,71.76950469978387,41.33030380666339,10.759652580584104,17.431696272737092,0.45703836540450365,814.93,1031.47,814.93,0.5275884484748021,644.65,861.2,644.65,0.2702590628168054,614.87,831.41,576.14,0.210778293955736,1230.2,1446.74,12.02,0.7,bursty,SRTF
12,203.08333333333334,129.47759253900642,60,393,333,55.0,36.05551275463989,10.0,0.0,0.955265961547154,653.17,856.25,653.17,0.3,653.17,856.25,653.17,0.3,653.17,856.25,653.17,0.3,1295.17,1498.25,19.33,0.7,arrival_ordered,FCFS
11,221.0909090909091,114.01794117195288,74,364,290,50.0,33.166247903554,10.0,0.0,-0.9808154449591269,1392.64,1613.73,1392.64,0.8664456988968876,861.18,1082.27,861.18,0.2688528140066688,767.64,988.73,187.36,0.03710056203058086,1540.0,1761.09,17.27,0.7,reverse_order,SRTF
9,204.33333333333334,84.15610494788837,109,372,263,25.654747199632567,14.82697740381008,4.589692816850295,4.066622199603229,0.21886457467061188,748.51,952.85,748.51,0.46535756824226204,603.73,808.07,603.73,0.2408610642121889,604.01,808.35,604.01,0.24129523344225115,1216.62,1420.96,14.07,0.7,mixed,SJF
13,93.53846153846153,57.588504907107094,8,176,168,17.79445608403655,8.134637248041615,2.208006620531426,2.1192798075555874,-0.08237635203946465,556.56,650.1,556.56,0.7126520483061787,425.49,519.02,425.49,0.37821135169874087,349.21,442.74,280.21,0.14483726675525443,700.95,794.49,22.25,0.7,short_jobs,SRTF
10,327.3,143.5084589067062,124,500,376,27.138623767997977,9.93416857516523,3.5062343238180635,3.705807607556221,-0.024301779992150385,1444.64,1771.94,1444.64,0.535915897018268,1111.54,1438.84,1111.54,0.2501742368109881,1080.46,1407.76,974.26,0.20120834500140014,2161.04,2488.34,16.24,0.7,long_jobs,SRTF
12,172.5,159.1063109427724,15,395,380,34.056925219438035,16.045146175343326,4.518207056696595,4.5926130509663565,0.15968323361578857,836.48,1008.98,836.48,0.9539300307607548,432.57,605.07,432.57,0.15669014279173418,429.53,602.03,423.61,0.14851772130225277,865.15,1037.65,18.82,0.7,bimodal,SRTF
14,203.85714285714286,134.5961807338227,11,374,363,246.35641328247175,102.02628624655843,25.10531533897412,14.937005269805862,-0.33065890440859036,1303.04,1506.9,1303.04,0.8377482845792705,781.68,985.54,781.68,0.2446863248100551,707.43,911.29,629.93,0.14203745423824277,1482.75,1686.61,24.68,0.7,staggered,SRTF
8,193.25,101.85528950427661,32,314,282,36.258150672121644,26.829419665128437,8.123959327528704,15.313600527412428,-0.7792138284539631,777.52,970.77,777.52,0.7807894736842105,550.14,743.39,550.14,0.35108597246343975,456.49,649.74,129.74,0.0459686274509804,923.89,1117.14,12.52,0.7,bursty,SRTF
15,182.13333333333333,119.10851394941545,22,399,377,70.0,44.721359549995796,10.0,0.0,0.983188107058603,716.13,898.27,716.13,0.3,716.13,898.27,716.13,0.3,716.13,898.27,716.13,0.3,1419.33,1601.47,22.27,0.7,arrival_ordered,FCFS
11,194.1818181818182,91.82899126291018,54,380,326,50.0,33.166247903554,10.0,0.0,-0.9695881314747212,1189.36,1383.55,1189.36,0.7839575533004721,838.27,1032.45,838.27,0.34629698779300133,700.82,895.0,213.82,0.05030757023778037,1407.45,1601.64,17.27,0.7,reverse_order,SRTF
14,224.21428571428572,123.25282244946054,19,400,381,26.896347623809195,14.826876824619685,3.4743467537910915,2.751378920973877,0.23517532471305727,1336.27,1560.48,1336.27,0.5709415601221595,973.98,1198.19,973.98,0.225563335189506,962.39,1186.6,959.39,0.21382842509603073,1928.34,2152.55,24.19,0.7,mixed,SRTF
13,123.92307692307692,42.10989895195178,48,179,131,11.005738664530607,8.2163971959928,2.0724213261370665,2.8157982761082483,-0.07769145559870257,734.05,857.98,734.05,0.46964808184899004,643.67,767.59,643.67,0.3253273802505139,589.69,713.61,479.53,0.19268758871727124,1185.36,1309.29,22.52,0.7,short_jobs,SRTF
12,332.8333333333333,139.58759604526819,66,500,434,17.545673211365543,12.836781472238613,3.0947451957065835,3.1436598066316805,-0.35408087811174693,2008.41,2341.25,2008.41,0.6200918383545424,1445.91,1778.75,1445.91,0.2499591063627381,1377.2,1710.04,1256.29,0.18650100603621728,2757.58,3090.41,20.41,0.7,long_jobs,SRTF
9,169.22222222222223,175.78522248597704,15,408,393,21.540913829185083,13.019400708206266,5.133919047397354,2.638830390032042,0.05677555812809924,638.77,807.99,638.77,1.0,269.21,438.44,269.21,0.12257997407543728,270.01,439.24,270.01,0.12447937475496082,544.33,713.55,13.88,0.5211149294778746,bimodal,SJF
15,199.53333333333333,136.27276568216655,26,395,369,202.11039582454993,101.02788360760661,24.55346055971614,13.471473593455858,-0.00847657481676447,1213.15,1412.68,1213.15,0.7535006836066298,811.35,1010.88,811.35,0.29354279723804355,704.76,904.29,620.82,0.1503120972429304,1489.48,1689.02,26.02,0.7,staggered,SRTF
8,174.375,100.37919178224709,63,312,249,50.683973207788895,42.151713438807676,15.051887245933752,20.34985114076598,0.3980387242988373,462.38,636.75,462.38,0.5063858695652174,353.88,528.25,353.88,0.22762645914396884,354.57,528.94,354.57,0.2293992148415787,721.88,896.25,12.63,0.7,bursty,SJF
9,190.55555555555554,113.76962590154622,26,378,352,40.0,27.386127875258307,10.0,0.0,0.9941555773655718,446.89,637.44,446.89,0.3,446.89,637.44,446.89,0.3,446.89,637.44,446.89,0.3,885.11,1075.67,12.0,0.7,arrival_ordered,FCFS
14,223.21428571428572,100.27284207173375,69,381,312,65.0,41.83300132670378,10.0,0.0,-0.9927329570841449,1772.57,1995.79,1772.57,0.7624264844973616,1157.0,1380.21,1157.0,0.2553250857973631,1063.64,1286.86,148.29,0.021437391383883658,2136.79,2360.0,23.29,0.7,reverse_order,SRTF
14,181.28571428571428,134.9344163039834,15,378,363,35.28579073487298,10.777222975259603,2.7421746235045066,2.4411237666672427,-0.1290484035682106,1210.45,1391.73,1210.45,0.8984296061841865,812.37,993.66,812.37,0.37376981443670415,648.64,829.93,497.71,0.11982101928003235,1305.8,1487.09,23.73,0.7,mixed,SRTF
13,123.61538461538461,44.96950533702156,36,178,142,14.698247868251446,8.761255742191517,2.2120643009637613,1.5256355989462527,-0.34947534603518104,788.7,912.31,788.7,0.5463600727160687,616.01,739.62,616.01,0.27442662498313075,580.53,704.15,445.69,0.16581078437764882,1172.01,1295.62,21.85,0.7,short_jobs,SRTF
15,330.3333333333333,140.23891179324082,50,500,450,18.3044556746217,11.74253418042019,2.580908517149188,2.3347715971498815,0.3924338025933198,2092.76,2423.09,2092.76,0.4419611676417056,1761.29,2091.62,1761.29,0.260544927010806,1739.76,2070.1,1732.03,0.24764111918020965,3480.36,3810.69,25.89,0.7,long_jobs,SRTF
13,199.76923076923077,199.73113337941496,12,442,430,35.14574849942753,21.111226999194734,4.417869997543987,4.527547603642507,0.02494878389639093,1144.93,1344.7,1144.93,1.0,522.32,722.09,522.32,0.134359500398578,521.7,721.47,519.78,0.13298454030563173,1054.86,1254.63,22.01,0.5988351010060491,bimodal,SRTF
14,188.35714285714286,132.01084287800998,23,400,377,171.80552979128385,97.62858839472209,20.88570684556254,10.561311704272788,-0.031327241521434526,1093.11,1281.47,1093.11,0.7968524580451172,615.25,803.61,615.25,0.16740992279645417,613.91,802.27,611.98,0.16510373831775702,1289.04,1477.4,23.11,0.7,staggered,SRTF
10,149.5,101.1920616122299,10,365,355,34.34376133731065,35.09429320078543,11.518020831609736,18.544679068897565,0.018817331290762036,567.27,716.77,567.27,0.5832225913621263,396.77,546.27,396.77,0.20753796095444688,397.16,546.66,397.16,0.2083972982322123,818.17,967.67,14.07,0.7,bursty,SJF
15,188.33333333333334,97.93413724588193,74,348,274,70.0,44.721359549995796,10.0,0.0,0.9829333176201921,846.53,1034.87,846.53,0.3,846.53,1034.87,846.53,0.3,846.53,1034.87,846.53,0.3,1679.07,1867.4,25.2,0.7,arrival_ordered,FCFS
14,189.92857142857142,123.37464163190991,13,396,383,65.0,41.83300132670378,10.0,0.0,-0.9797344662547458,1639.07,1829.0,1639.07,1.0,906.07,1096.0,906.07,0.279601553226524,760.93,950.86,371.79,0.0647055911077003,1536.29,1726.21,23.29,0.6180665953037101,reverse_order,SRTF
14,187.21428571428572,124.22509257945282,10,362,352,23.952926316320294,10.967369718610499,3.478933101775812,3.668247318952389,0.16765131012848147,1118.39,1305.6,1118.39,0.685796989579313,762.1,949.32,762.1,0.2445950738120179,718.55,905.76,678.33,0.17966310262790885,1444.03,1631.24,21.32,0.7,mixed,SRTF
13,84.53846153846153,46.63442109396482,11,161,150,16.451028024769883,7.8784640480532175,2.297899782457664,2.21150554258557,-0.3215272545993857,539.44,623.98,539.44,0.7207665954144828,377.29,461.82,377.29,0.29444467249654005,334.16,418.7,265.78,0.1414392490874326,675.67,760.21,21.67,0.7,short_jobs,SRTF
13,400.38461538461536,134.1140922632284,50,500,450,16.635310946712202,9.447415610208369,2.586907778997863,1.5275286519031905,-0.2338329843295041,2520.11,2920.49,2520.11,0.4909692797947609,2061.42,2461.8,2061.42,0.2737316894959862,1979.9,2380.29,1699.67,0.20147153013514382,3960.03,4360.42,22.03,0.7,long_jobs,SRTF
11,162.8181818181818,159.2606782491009,20,449,429,33.83272936098334,23.891748684464773,5.909774967988012,7.413154002303755,0.14072818253845554,744.46,907.28,744.46,1.0,347.65,510.46,347.65,0.1439581183164268,343.17,505.99,330.8,0.12919316211082663,702.92,865.74,17.92,0.6275386877320641,bimodal,SRTF
11,222.0909090909091,126.65816558394847,19,365,346,173.4880763899567,93.41817559973359,25.20004768806112,10.687289857602565,-0.21464387207407093,1073.86,1295.95,1073.86,0.7081469492542312,738.77,960.86,738.77,0.2857149560005292,655.97,878.06,456.33,0.12464172803513622,1372.68,1594.77,17.4,0.7,staggered,SRTF
14,207.0,121.54011683390797,65,393,328,55.3992520955703,43.754733981023236,8.190457356721923,16.058705856501195,0.4226623355595763,1112.14,1319.14,1112.14,0.5253201396973225,835.64,1042.64,835.64,0.22377460439984562,836.32,1043.32,825.67,0.2215802119978949,1694.64,1901.64,23.92,0.7,bursty,SRTF
14,170.28571428571428,107.18598399434119,13,358,345,65.0,41.83300132670378,10.0,0.0,0.9919224311923118,628.86,799.14,628.86,0.3,628.86,799.14,628.86,0.3,628.86,799.14,628.86,0.3,1247.14,1417.43,20.07,0.7,arrival_ordered,FCFS
14,225.5,102.32132644836973,63,369,306,65.0,41.83300132670378,10.0,0.0,-0.986695977546744,1792.93,2018.43,1792.93,0.7678114652989678,1152.07,1377.57,1152.07,0.24310722340766303,1072.36,1297.86,153.5,0.022073981148708212,2150.57,2376.07,23.29,0.7,reverse_order,SRTF
10,162.2,100.67196454050374,13,344,331,24.225955333039476,14.12698430279664,4.855068144895528,4.9789417149699196,0.2733452490386742,641.78,803.98,641.78,0.6078841405085538,477.68,639.88,477.68,0.27367190796207985,444.07,606.27,417.77,0.19261265580057527,893.58,1055.78,15.98,0.7,mixed,SRTF
15,96.2,45.83853650119546,10,150,140,10.87127848820547,8.241796395754355,1.7328817468135964,1.9091369083133805,-0.13527371346587835,723.25,819.45,723.25,0.6374416756657633,515.59,611.79,515.59,0.25181254513789697,486.66,582.86,450.46,0.1824957642937139,977.45,1073.65,26.79,0.7,short_jobs,SRTF
11,286.3636363636364,138.6017840630291,66,500,434,22.413892296230475,14.885917499691537,3.680555933238812,3.2423821333329963,0.374176831136978,1288.16,1574.53,1288.16,0.5011830492622111,1004.43,1290.8,1004.43,0.23654322805892655,999.31,1285.68,993.31,0.23035039370078736,2004.34,2290.71,18.16,0.7,long_jobs,SRTF
11,165.8181818181818,169.55578325838266,13,440,427,18.18573349747317,12.873090736640997,3.5822484820028286,2.0626572468598114,-0.052252622528244155,815.65,981.46,815.65,1.0,349.65,515.46,349.65,0.132094254259658,344.72,510.54,334.09,0.11892156125441829,698.28,864.1,17.83,0.5255436102118961,bimodal,SRTF
9,189.44444444444446,100.49516295711838,49,305,256,156.7162254774891,89.48726712225343,30.302017397616808,15.658141951128549,0.24090604259605722,517.41,706.86,517.41,0.4698298198578886,424.3,613.75,424.3,0.26932434125910903,408.39,597.84,367.95,0.21097565818210698,857.75,1047.19,13.75,0.7,staggered,SRTF
8,230.5,145.60710343739612,32,388,356,54.42045051895633,44.89211971042421,14.578070124168905,20.221171170849235,-0.3939647932911733,887.73,1118.23,887.73,0.8811722659042174,574.73,805.23,574.73,0.3264114484630802,481.2,711.7,430.08,0.14311473723903875,970.85,1201.35,12.6,0.7,bursty,SRTF
9,128.0,78.10889834071403,25,283,258,40.0,27.386127875258307,10.0,0.0,0.9308820256514978,295.0,423.0,295.0,0.3,295.0,423.0,295.0,0.3,295.0,423.0,295.0,0.3,584.78,712.78,12.0,0.7,arrival_ordered,FCFS
9,182.33333333333334,114.00657875754364,55,365,310,40.0,27.386127875258307,10.0,0.0,-0.9548559345479759,954.33,1136.67,954.33,1.0,607.0,789.33,607.0,0.3948661874144703,462.56,644.89,156.78,0.045733262486716254,929.67,1112.0,13.33,0.6648924303925074,reverse_order,SRTF
12,231.0,135.37154259834134,59,379,320,18.753750904049188,13.561901187202878,4.0307499972501,3.0207792036330066,0.09544043855960617,1229.31,1460.31,1229.31,0.6309245088396862,839.4,1070.4,839.4,0.20680079883679,835.16,1066.16,796.91,0.19269672680348415,1668.9,1899.9,20.4,0.7,mixed,SRTF
10,103.3,47.27942940058017,26,160,134,19.487735527978945,5.665691061376483,1.9727740677957766,1.393651213936901,-0.34472048746936584,509.96,613.26,509.96,0.6537392067905751,362.26,465.56,362.26,0.26127771765971847,337.31,440.61,310.21,0.17849756690997567,678.96,782.26,16.76,0.7,short_jobs,SRTF
15,316.8666666666667,168.28414179878146,50,500,450,19.574062485612902,10.19311720010763,2.2553379747064928,2.2765534581520943,-0.37083203566189127,2460.04,2776.9,2460.04,0.722471399788889,1710.04,2026.9,1710.04,0.28868283570512243,1531.76,1848.63,1156.63,0.1393278464212486,3069.84,3386.7,26.37,0.7,long_jobs,SRTF
8,165.625,140.09174289932804,27,313,286,33.05608549944663,19.34162957118347,7.268937899885613,5.3373061297753095,0.18186593657281797,508.45,674.07,508.45,0.81975,285.7,451.32,285.7,0.16523957409050577,285.82,451.44,274.07,0.15848359764459144,585.7,751.32,12.57,0.7,bimodal,SRTF
11,244.0909090909091,126.39814440525188,48,378,330,150.86127390686303,72.08862525529682,21.337557098652198,9.395691355018899,0.12928727562740613,1055.37,1299.46,1055.37,0.5608773872128425,770.55,1014.64,770.55,0.22765101049071523,759.14,1003.23,746.96,0.21077820636451303,1554.0,1798.09,18.37,0.7,staggered,SRTF
13,241.3846153846154,103.04735033108037,48,392,344,46.72148181061538,41.28758007853253,8.945808234682273,16.9714832803754,-0.052955155410916756,1383.67,1625.06,1383.67,0.5100378869684976,1106.06,1347.44,1106.06,0.27059184338813663,1056.59,1297.97,941.28,0.20251289133085545,2146.67,2388.06,22.29,0.7,bursty,SRTF
12,189.41666666666666,122.12025245882053,24,363,339,55.0,36.05551275463989,10.0,0.0,0.9735890807457442,593.83,783.25,593.83,0.3,593.83,783.25,593.83,0.3,593.83,783.25,593.83,0.3,1178.5,1367.92,17.0,0.7,arrival_ordered,FCFS
11,152.0,111.56881284660153,30,303,273,50.0,33.166247903554,10.0,0.0,-0.941540469694911,1026.73,1178.73,1026.73,1.0,544.27,696.27,544.27,0.28030098388696845,440.73,592.73,297.91,0.08340300754859034,889.0,1041.0,17.27,0.5354761092150171,reverse_order,SRTF
12,175.16666666666666,116.89998315058074,26,365,339,29.84470603737603,12.97294584283902,3.726559616957928,3.4472459842884504,0.29260511655498445,845.93,1021.1,845.93,0.6505869250033935,587.93,763.1,587.93,0.23612275359380586,563.91,739.07,532.91,0.18626691050904112,1127.01,1302.18,20.26,0.7,mixed,SRTF
10,95.8,39.21960960766664,31,149,118,19.62644373394813,8.322781847733927,2.4287655251909936,1.5368992922001896,-0.6872895813011494,500.61,596.41,500.61,0.6819745653375929,359.61,455.41,359.61,0.29149753173057313,322.97,418.77,234.67,0.13536524969046634,648.51,744.31,16.01,0.7,short_jobs,SRTF
12,361.9166666666667,112.22903394668448,97,496,399,22.964966805671022,9.516437632795023,3.2299974502932156,4.356891026055639,-0.2432968694034149,2096.68,2458.6,2096.68,0.49469941198764833,1680.52,2042.43,1680.52,0.25733883684277215,1639.54,2001.45,1511.95,0.21553521472628961,3283.1,3645.02,19.85,0.7,long_jobs,SRTF
14,177.0,161.09863199533766,10,388,378,24.281492727199115,17.16910581202229,4.160175029070864,3.2835865946134994,0.1425064065885265,1026.31,1203.31,1026.31,0.9075146601028017,548.1,725.1,548.1,0.15851302251575897,546.79,723.79,541.86,0.15498548208459306,1099.31,1276.31,24.1,0.7,bimodal,SRTF
15,198.8,102.24913551852511,27,372,345,283.3366664605568,162.09106398172005,35.42874298817301,11.143205638966865,-0.1247671442691169,1194.74,1393.54,1194.74,0.6346015898179692,784.81,983.61,784.81,0.2068246532546645,769.6,968.4,737.53,0.1827265731874145,1659.01,1857.81,25.14,0.7,staggered,SRTF
10,205.5,132.38768824932325,15,399,384,54.66196979321336,47.7224939478502,11.784665167404611,17.473676364511757,0.2953740699475099,712.31,917.81,712.31,0.550205997007039,523.31,728.81,523.31,0.22438549990740975,518.84,724.34,517.34,0.21603359173126618,1060.11,1265.61,15.71,0.7,bursty,SRTF
15,184.0,126.12522122308222,17,388,371,70.0,44.721359549995796,10.0,0.0,0.9730661872887002,705.73,889.73,705.73,0.3,705.73,889.73,705.73,0.3,705.73,889.73,705.73,0.3,1401.2,1585.2,22.8,0.7,arrival_ordered,FCFS
13,239.23076923076923,96.88580378135372,25,371,346,60.0,38.94440481849308,10.0,0.0,-0.9578620311642813,1709.0,1948.23,1709.0,0.6831665871207686,1173.54,1412.77,1173.54,0.25045436921791114,1101.15,1340.38,281.31,0.04622904779679695,2211.62,2450.85,21.23,0.7,reverse_order,SRTF
8,240.875,121.07310365465746,57,357,300,19.503006860145952,14.327797178560989,4.9246940150375655,4.087646382845017,0.24806729289425136,796.45,1037.33,796.45,0.5566774574790607,596.58,837.45,596.58,0.24063626423650156,582.37,823.25,562.25,0.2104819906481328,1166.2,1407.08,11.58,0.7,mixed,SRTF
14,88.78571428571429,50.96783083690907,20,170,150,10.681486943466608,8.431839786161401,2.2195383388141563,2.2206670229688363,0.29372156670493743,519.17,607.96,519.17,0.5780489875521767,437.17,525.96,437.17,0.37320062335126486,372.18,460.96,306.6,0.1710576864751198,742.24,831.03,24.6,0.7,short_jobs,SRTF
12,255.5,159.7284627678543,55,500,445,18.659565079984315,13.113387984053794,3.4307041239796137,1.9064839795759587,0.33999440125018193,1182.57,1438.07,1182.57,0.5253326948561756,904.15,1159.65,904.15,0.23642848614160916,893.51,1149.01,849.92,0.2141363734136373,1791.48,2046.98,20.32,0.7,long_jobs,SRTF
11,181.36363636363637,174.67299317712096,15,445,430,26.26064318097192,20.76817414104533,5.572137779654392,4.90277775594136,-0.015484149108040624,857.2,1038.57,857.2,1.0,401.3,582.66,401.3,0.13707189231044134,401.47,582.83,401.47,0.13739366607588427,813.2,994.57,17.75,0.6324419599272395,bimodal,SJF
13,247.69230769230768,128.36496446680496,31,389,358,235.19114072501378,142.99941751342158,35.603167856560226,9.729094083460588,0.20292213931347533,1187.24,1434.93,1187.24,0.5461657553198498,885.32,1133.01,885.32,0.23637067718211643,866.96,1114.66,835.96,0.20955327640217997,1777.7,2025.4,22.09,0.7,staggered,SRTF
15,187.53333333333333,120.8203309917349,46,362,316,68.24815580964068,40.06761852518349,7.5353163675957,14.620371566545593,-0.20357169016449825,1393.47,1581.0,1393.47,0.8287606091615001,936.53,1124.07,936.53,0.34342552185789893,766.02,953.55,602.62,0.12645888497154642,1596.67,1784.2,26.33,0.7,bursty,SRTF
9,208.55555555555554,135.72684987789918,17,392,375,40.0,27.386127875258307,10.0,0.0,0.9745676537582147,472.22,680.78,472.22,0.3,472.22,680.78,472.22,0.3,472.22,680.78,472.22,0.3,937.56,1146.11,11.33,0.7,arrival_ordered,FCFS
13,281.46153846153845,99.5980382877556,104,392,288,60.0,38.94440481849308,10.0,0.0,-0.9691605451801674,1975.77,2257.23,1975.77,0.6315241635687732,1392.31,1673.77,1392.31,0.2383101085137289,1338.77,1620.23,984.69,0.14788031966600837,2683.77,2965.23,21.23,0.7,reverse_order,SRTF
11,199.72727272727272,103.46119167020154,15,389,374,25.1256104886044,16.064066814077645,4.925476398156417,2.687796374662404,-0.4505550991980311,1098.76,1298.49,1098.76,0.721526023977474,701.49,901.21,701.49,0.20758248694354656,683.87,883.6,664.15,0.1793163453261383,1372.85,1572.58,18.39,0.7,mixed,SRTF
13,91.6923076923077,54.54262036148829,8,161,153,14.907202649721132,9.764783580574745,2.329240115454215,2.023537334066594,0.32278464639116433,467.65,559.34,467.65,0.5511102681567506,354.49,446.18,354.49,0.2437808941806395,344.71,436.4,330.17,0.2074291870539121,687.42,779.11,22.11,0.7,short_jobs,SRTF
14,301.0,168.9096253576496,85,500,415,16.777797601854747,15.1959126917772,2.835351307796359,4.401529771793075,0.20352883167011698,1767.95,2068.95,1767.95,0.54781208445746,1308.17,1609.17,1308.17,0.22131398047028392,1307.37,1608.37,1295.01,0.21861904406830213,2608.38,2909.38,24.52,0.7,long_jobs,SRTF
13,175.84615384615384,165.23258665380655,19,428,409,32.263390674242714,16.800885321346023,4.303389020839837,3.481368566584385,0.028361881482014687,1014.98,1190.82,1014.98,1.0,479.29,655.13,479.29,0.13844356054453164,479.04,654.89,477.58,0.13760589058895817,968.21,1144.06,22.21,0.6389180472616305,bimodal,SRTF
13,205.30769230769232,98.81580897085294,71,372,301,146.9231889099496,90.32320170041093,21.744674675861518,11.699046100051765,0.14340843077044763,1042.32,1247.63,1042.32,0.5249797427145367,796.78,1002.09,796.78,0.2453643221454964,776.0,981.31,714.31,0.203563343427513,1604.63,1809.93,21.93,0.7,staggered,SRTF
11,219.1818181818182,126.74132568489111,19,363,344,59.44204070650857,42.18146402077387,10.5772864460735,17.259824142240657,0.23186883760675833,991.48,1210.66,991.48,0.6211871097394674,787.48,1006.66,787.48,0.3534311039462788,671.83,891.01,546.83,0.1631719851063175,1368.48,1587.66,16.57,0.7,bursty,SRTF
13,176.76923076923077,119.98204993953182,31,399,368,60.0,38.94440481849308,10.0,0.0,0.9735774350390256,580.69,757.46,580.69,0.3,580.69,757.46,580.69,0.3,580.69,757.46,580.69,0.3,1152.08,1328.85,20.46,0.7,arrival_ordered,FCFS
14,186.42857142857142,119.62165631415016,26,369,343,65.0,41.83300132670378,10.0,0.0,-0.9838021919647051,1603.93,1790.36,1603.93,1.0,872.21,1058.64,872.21,0.25903913562494374,753.21,939.64,155.14,0.025024673549954444,1512.93,1699.36,23.29,0.625122249388753,reverse_order,SRTF
12,190.75,140.08706708199855,18,399,381,21.850085729128207,14.428677809400547,3.940636766126033,2.4344543000654464,-0.3116905957593158,1136.68,1327.43,1136.68,0.9535952669902914,785.93,976.68,785.93,0.44551323048151165,582.73,773.48,419.32,0.10726145909831807,1176.01,1366.76,20.1,0.7,mixed,SRTF
15,82.26666666666667,55.5408043908346,5,179,174,8.520052742985355,6.167309213890747,1.310054427790101,1.1440679223680115,-0.11534440790444545,581.68,663.95,581.68,0.7820198103393752,353.41,435.68,353.41,0.19224644133837918,345.81,428.08,337.95,0.1683655282913569,688.35,770.61,26.21,0.7,short_jobs,SRTF
14,284.92857142857144,153.31689870517022,67,500,433,19.208325108729106,11.641747801571793,2.680362023999405,2.630221245013682,-0.006578593879175549,1790.93,2075.86,1790.93,0.6023417144840962,1261.21,1546.14,1261.21,0.21527351684981802,1251.93,1536.86,1193.01,0.19848959011244602,2499.86,2784.78,23.86,0.7,long_jobs,SRTF
13,176.76923076923077,166.76438161177876,15,390,375,29.270671361451324,18.761989788429098,4.202937486271936,4.7200643590749545,-0.011046354293283019,998.19,1174.96,998.19,1.0,491.65,668.42,491.65,0.14449569356646963,491.5,668.27,488.73,0.14339085170915647,988.81,1165.58,22.27,0.6870413862519489,bimodal,SRTF
8,186.125,120.60731735678395,23,328,305,139.12327086562618,81.32824374508536,32.78733252781278,10.010152177037376,-0.011446706340931876,543.58,729.7,543.58,0.7397901804448175,340.95,527.08,340.95,0.22930761351689163,319.0,505.13,289.75,0.15759887798036465,676.45,862.58,8.83,0.7,staggered,SRTF
14,250.07142857142858,89.01034018214209,46,357,311,51.61400214899551,44.66829285486306,7.8926735600161635,14.720270309630198,-0.08647820743654783,1547.53,1797.6,1547.53,0.4585513920870839,1258.82,1508.89,1258.82,0.24498071903222027,1255.39,1505.46,1252.1,0.24179522036369366,2545.18,2795.25,24.82,0.7,bursty,SRTF
8,220.5,66.61617135286511,125,332,207,35.0,24.49489742783178,10.0,0.0,0.9805385861673171,596.75,817.25,596.75,0.3,596.75,817.25,596.75,0.3,596.75,817.25,596.75,0.3,1187.75,1408.25,11.5,0.7,arrival_ordered,FCFS
11,206.72727272727272,85.6949133952429,104,348,244,50.0,33.166247903554,10.0,0.0,-0.9584196658694808,1231.27,1438.0,1231.27,0.6957890783247169,877.27,1084.0,877.27,0.29657458690894656,781.82,988.55,205.91,0.0466161449752883,1576.73,1783.45,17.27,0.7,reverse_order,SRTF
14,159.92857142857142,114.97054089950727,19,390,371,20.025538436432278,13.086838663175172,3.0486628324774765,2.36871640072794,-0.37638613884445615,1164.71,1324.64,1164.71,0.9439282391158852,662.21,822.14,662.21,0.23754802835509592,601.19,761.12,507.76,0.12719421306444542,1213.78,1373.71,24.21,0.7,mixed,SRTF
12,102.25,52.516880403092564,22,171,149,18.32265772272228,5.686753561175771,1.6805326666136737,1.3850996090798875,-0.0057128971160178114,539.21,641.46,539.21,0.5815913247974915,424.04,526.29,424.04,0.3043387781500154,385.26,487.51,319.09,0.17272131526704312,767.96,870.21,20.38,0.7,short_jobs,SRTF
12,195.33333333333334,131.99127611208618,50,469,419,17.671114248949838,14.280076098556854,3.4910058570740095,2.540323718310792,0.6405879793136604,798.18,993.51,798.18,0.4445944721341187,666.01,861.35,666.01,0.2538763912252943,661.41,856.75,648.25,0.24216184242673627,1323.51,1518.85,20.51,0.7,long_jobs,SRTF
9,163.66666666666666,172.26360613896367,15,422,407,30.625625899178747,20.277638172608878,7.242466294411146,6.7216146286497,-0.022023022923386974,601.73,765.4,601.73,1.0,243.62,407.29,243.62,0.11787621420942887,244.15,407.82,244.15,0.11918175051522596,500.51,664.18,11.84,0.5021445924436625,bimodal,SJF
15,188.8,132.6440995403005,13,361,348,195.2787871962929,115.94659954629991,26.88668506656467,12.68690385544024,-0.15945028892364707,1202.73,1391.53,1202.73,0.807752380952381,750.66,939.46,750.66,0.2624321033626721,669.59,858.39,602.12,0.14750930941096818,1404.59,1593.39,21.13,0.7,staggered,SRTF
15,186.93333333333334,90.21756771166868,25,343,318,72.11337807717739,40.25173475273579,7.534288191528595,14.626453020674296,0.2966623039472785,1197.37,1384.3,1197.37,0.5538821399724292,877.9,1064.84,877.9,0.22355945593410734,871.09,1058.02,863.75,0.2146366218325416,1770.7,1957.64,24.9,0.7,bursty,SRTF
9,163.22222222222223,84.85395950952699,18,270,252,40.0,27.386127875258307,10.0,0.0,0.985983696488797,409.22,572.44,409.22,0.3,409.22,572.44,409.22,0.3,409.22,572.44,409.22,0.3,811.89,975.11,11.11,0.7,arrival_ordered,FCFS
14,204.78571428571428,124.15943755537046,18,394,376,65.0,41.83300132670378,10.0,0.0,-0.980650536307182,1739.07,1943.86,1739.07,1.0,982.36,1187.14,982.36,0.2678518819302741,856.0,1060.79,244.07,0.03860285118138689,1723.79,1928.57,23.29,0.6878843126818939,reverse_order,SRTF
9,242.88888888888889,115.1601541815185,94,392,298,25.43598233140598,14.118570243762342,5.2326784054796525,2.8886542557380053,-0.5042045914563463,1082.37,1325.25,1082.37,0.6955283796585567,826.14,1069.03,826.14,0.366908195912493,687.45,930.34,404.12,0.10942145044817221,1386.37,1629.25,14.7,0.7,mixed,SRTF
8,89.875,53.810348181632975,9,171,162,17.947237735498373,9.24739798544026,3.554312163173538,2.8256621471818266,0.446444067286608,239.83,329.71,239.83,0.47865665310471767,196.21,286.08,196.21,0.260247891109466,191.43,281.3,190.3,0.23482894736842103,381.08,470.96,11.83,0.7,short_jobs,SRTF
11,367.0,120.11161475893994,160,500,340,13.400163656510896,7.736073063978797,2.5468783770743615,2.4166430933166305,-0.35617481323537703,1962.72,2329.72,1962.72,0.5325514509367666,1486.63,1853.63,1486.63,0.2330406139399571,1472.96,1839.96,1440.6,0.21944830139775984,2947.18,3314.18,18.18,0.7,long_jobs,SRTF
10,194.4,190.112364435118,10,419,409,29.424004502084898,20.57340124503124,5.164794329393148,5.732089054780009,0.11170771436724737,739.52,933.92,739.52,0.9646094200241002,377.22,571.62,377.22,0.1499039733483545,377.08,571.48,376.08,0.14917415963480427,758.82,953.22,16.62,0.7,bimodal,SRTF
11,182.54545454545453,119.47498787308048,19,377,358,170.6420770493294,86.93897830002948,24.302577968478648,11.102158602715908,-0.15512150261571855,848.69,1031.23,848.69,0.7895101896220611,626.87,809.42,626.87,0.4198452092083438,473.63,656.18,308.72,0.10487243730275363,1009.96,1192.51,18.51,0.7,staggered,SRTF
13,189.84615384615384,105.62026806272092,24,371,347,36.72866298700062,45.14319701683213,9.125290227401045,17.160125200349825,-0.262453390787468,1135.28,1325.12,1135.28,0.6589128927155437,743.43,933.28,743.43,0.194358223172803,743.96,933.81,743.96,0.1949865657921297,1507.66,1697.51,22.51,0.7,bursty,SJF
11,254.72727272727272,120.46915863331238,16,399,383,50.0,33.166247903554,10.0,0.0,0.9683369630912249,871.91,1126.64,871.91,0.3,871.91,1126.64,871.91,0.3,871.91,1126.64,871.91,0.3,1738.09,1992.82,14.36,0.7,arrival_ordered,FCFS
14,193.57142857142858,135.4659845386766,24,381,357,65.0,41.83300132670378,10.0,0.0,-0.9731189862331902,1705.29,1898.86,1705.29,1.0,868.57,1062.14,868.57,0.2412011097965327,744.43,938.0,33.0,0.0017318668252080858,1501.14,1694.71,23.29,0.551273858834794,reverse_order,SRTF
